duration,pkts_rate,bytes_rate,size_mean,size_std,size_q1,size_q2,size_q3,size_min,size_max,n_pkts,n_bytes,duration^2,duration pkts_rate,duration bytes_rate,duration size_mean,duration size_std,duration size_q1,duration size_q2,duration size_q3,duration size_min,duration size_max,duration n_pkts,duration n_bytes,pkts_rate^2,pkts_rate bytes_rate,pkts_rate size_mean,pkts_rate size_std,pkts_rate size_q1,pkts_rate size_q2,pkts_rate size_q3,pkts_rate size_min,pkts_rate size_max,pkts_rate n_pkts,pkts_rate n_bytes,bytes_rate^2,bytes_rate size_mean,bytes_rate size_std,bytes_rate size_q1,bytes_rate size_q2,bytes_rate size_q3,bytes_rate size_min,bytes_rate size_max,bytes_rate n_pkts,bytes_rate n_bytes,size_mean^2,size_mean size_std,size_mean size_q1,size_mean size_q2,size_mean size_q3,size_mean size_min,size_mean size_max,size_mean n_pkts,size_mean n_bytes,size_std^2,size_std size_q1,size_std size_q2,size_std size_q3,size_std size_min,size_std size_max,size_std n_pkts,size_std n_bytes,size_q1^2,size_q1 size_q2,size_q1 size_q3,size_q1 size_min,size_q1 size_max,size_q1 n_pkts,size_q1 n_bytes,size_q2^2,size_q2 size_q3,size_q2 size_min,size_q2 size_max,size_q2 n_pkts,size_q2 n_bytes,size_q3^2,size_q3 size_min,size_q3 size_max,size_q3 n_pkts,size_q3 n_bytes,size_min^2,size_min size_max,size_min n_pkts,size_min n_bytes,size_max^2,size_max n_pkts,size_max n_bytes,n_pkts^2,n_pkts n_bytes,n_bytes^2
30.076358795166016,0.1329948225196361,11.637046970468157,87.5,21.5,66.0,87.5,109.0,66.0,109.0,4.0,350.0,904.5873583755601,4.0,350.0,2631.6813945770264,646.6417140960693,1985.039680480957,2631.6813945770264,3278.3231086730957,1985.039680480957,3278.3231086730957,120.30543518066406,10526.725578308105,0.017687622817029503,1.5476669964900815,11.637046970468159,2.8593886841721763,8.777658286295983,11.637046970468159,14.496435654640335,8.777658286295983,14.496435654640335,0.5319792900785444,46.548187881872636,135.4208621928821,1018.2416099159637,250.19650986506537,768.0451000508983,1018.2416099159637,1268.4381197810292,768.0451000508983,1268.4381197810292,46.54818788187263,4072.966439663855,7656.25,1881.25,5775.0,7656.25,9537.5,5775.0,9537.5,350.0,30625.0,462.25,1419.0,1881.25,2343.5,1419.0,2343.5,86.0,7525.0,4356.0,5775.0,7194.0,4356.0,7194.0,264.0,23100.0,7656.25,9537.5,5775.0,9537.5,350.0,30625.0,11881.0,7194.0,11881.0,436.0,38150.0,4356.0,7194.0,264.0,23100.0,11881.0,436.0,38150.0,16.0,1400.0,122500.0
30.059563875198364,0.13306912956579295,11.443945142658192,86.0,20.0,66.0,86.0,106.0,66.0,106.0,4.0,344.0,903.5773803671304,4.0,344.0,2585.1224932670593,601.1912775039673,1983.931215763092,2585.1224932670593,3186.3137707710266,1983.931215763092,3186.3137707710266,120.23825550079346,10340.489973068237,0.01770739324339779,1.5228358189322098,11.443945142658194,2.661382591315859,8.782562551342334,11.443945142658194,14.105327733974052,8.782562551342334,14.105327733974052,0.5322765182631718,45.775780570632776,130.96388042817003,984.1792822686045,228.87890285316385,755.3003794154407,984.1792822686045,1213.0581851217685,755.3003794154407,1213.0581851217685,45.77578057063277,3936.717129074418,7396.0,1720.0,5676.0,7396.0,9116.0,5676.0,9116.0,344.0,29584.0,400.0,1320.0,1720.0,2120.0,1320.0,2120.0,80.0,6880.0,4356.0,5676.0,6996.0,4356.0,6996.0,264.0,22704.0,7396.0,9116.0,5676.0,9116.0,344.0,29584.0,11236.0,6996.0,11236.0,424.0,36464.0,4356.0,6996.0,264.0,22704.0,11236.0,424.0,36464.0,16.0,1376.0,118336.0
40.95975995063782,0.12207102790704077,8.056687841864692,66.0,0.0,66.0,66.0,66.0,66.0,66.0,5.0,330.0,1677.7019352138736,5.0,330.00000000000006,2703.344156742096,0.0,2703.344156742096,2703.344156742096,2703.344156742096,2703.344156742096,2703.344156742096,204.7987997531891,13516.72078371048,0.014901335854281527,0.983488166382581,8.056687841864692,0.0,8.056687841864692,8.056687841864692,8.056687841864692,8.056687841864692,8.056687841864692,0.6103551395352038,40.283439209323454,64.91021898125035,531.7413975630697,0.0,531.7413975630697,531.7413975630697,531.7413975630697,531.7413975630697,531.7413975630697,40.28343920932346,2658.7069878153484,4356.0,0.0,4356.0,4356.0,4356.0,4356.0,4356.0,330.0,21780.0,0.0,0.0,0.0,0.0,0.0,0.0,0.0,0.0,4356.0,4356.0,4356.0,4356.0,4356.0,330.0,21780.0,4356.0,4356.0,4356.0,4356.0,330.0,21780.0,4356.0,4356.0,4356.0,330.0,21780.0,4356.0,4356.0,330.0,21780.0,4356.0,330.0,21780.0,25.0,1650.0,108900.0
40.96202802658081,0.12206426880904024,8.056241741396656,66.0,0.0,66.0,66.0,66.0,66.0,66.0,5.0,330.0,1677.8877400503918,5.0,330.0,2703.4938497543335,0.0,2703.4938497543335,2703.4938497543335,2703.4938497543335,2703.4938497543335,2703.4938497543335,204.81014013290405,13517.469248771667,0.014899685719885635,0.9833792575124519,8.056241741396656,0.0,8.056241741396656,8.056241741396656,8.056241741396656,8.056241741396656,8.056241741396656,0.6103213440452012,40.28120870698328,64.90303099582182,531.7119549321793,0.0,531.7119549321793,531.7119549321793,531.7119549321793,531.7119549321793,531.7119549321793,40.28120870698328,2658.5597746608964,4356.0,0.0,4356.0,4356.0,4356.0,4356.0,4356.0,330.0,21780.0,0.0,0.0,0.0,0.0,0.0,0.0,0.0,0.0,4356.0,4356.0,4356.0,4356.0,4356.0,330.0,21780.0,4356.0,4356.0,4356.0,4356.0,330.0,21780.0,4356.0,4356.0,4356.0,330.0,21780.0,4356.0,4356.0,330.0,21780.0,4356.0,330.0,21780.0,25.0,1650.0,108900.0
0.057702064514160156,34.66080489215767,2738.203586480456,79.0,13.0,72.5,79.0,85.5,66.0,92.0,2.0,158.0,0.0033295282491963007,2.0,158.0,4.558463096618652,0.750126838684082,4.183399677276611,4.558463096618652,4.933526515960693,3.8083362579345703,5.308589935302734,0.11540412902832031,9.116926193237305,1201.3713957722211,94908.34026600547,2738.203586480456,450.5904635980497,2512.9083546814313,2738.203586480456,2963.498818279481,2287.613122882406,3188.7940500785057,69.32160978431534,5476.407172960912,7497758.881014433,216318.08333195603,35596.64662424593,198519.76001983308,216318.08333195603,234116.406644079,180721.4367077101,251914.72995620198,5476.407172960912,432636.16666391207,6241.0,1027.0,5727.5,6241.0,6754.5,5214.0,7268.0,158.0,12482.0,169.0,942.5,1027.0,1111.5,858.0,1196.0,26.0,2054.0,5256.25,5727.5,6198.75,4785.0,6670.0,145.0,11455.0,6241.0,6754.5,5214.0,7268.0,158.0,12482.0,7310.25,5643.0,7866.0,171.0,13509.0,4356.0,6072.0,132.0,10428.0,8464.0,184.0,14536.0,4.0,316.0,24964.0
0.19865703582763672,65.43941394192225,14462.110481164818,221.0,270.5728964765176,66.0,78.0,130.0,66.0,907.0,13.0,2873.0,0.03946461788382294,12.999999999999998,2873.0,43.903204917907715,53.751209589323,13.111364364624023,15.495248794555664,25.825414657592773,13.111364364624023,180.1819314956665,2.5825414657592773,570.7416639328003,4282.316897062248,946392.034250757,14462.110481164818,17706.131773991714,4319.001320166869,5104.274287469936,8507.123812449892,4319.001320166869,59353.54844532348,850.7123812449893,188007.43625514265,209152639.5694173,3196126.416337425,3913055.1220521685,954499.291756878,1128044.6175308558,1880074.3625514263,954499.291756878,13117134.20641649,188007.43625514265,41549643.41238652,48841.0,59796.61012131039,14586.0,17238.0,28730.0,14586.0,200447.0,2873.0,634933.0,73209.69230769231,17857.811167450163,21104.68592516837,35174.47654194729,17857.811167450163,245409.61710420146,3517.447654194729,777355.9315770351,4356.0,5148.0,8580.0,4356.0,59862.0,858.0,189618.0,6084.0,10140.0,5148.0,70746.0,1014.0,224094.0,16900.0,8580.0,117910.0,1690.0,373490.0,4356.0,59862.0,858.0,189618.0,822649.0,11791.0,2605811.0,169.0,37349.0,8254129.0
0.0008270740509033203,2418.1631594119344,195871.21591236666,81.0,15.0,73.5,81.0,88.5,66.0,96.0,2.0,162.0,6.840514856776281e-07,2.0,162.0,0.06699299812316895,0.012406110763549805,0.06078994274139404,0.06699299812316895,0.07319605350494385,0.05458688735961914,0.07939910888671875,0.0016541481018066406,0.1339859962463379,5847513.065537109,473648558.3085057,195871.2159123667,36272.44739117902,177734.99221677717,195871.2159123667,214007.43960795618,159598.76852118768,232143.6633035457,4836.326318823869,391742.4318247334,38365533222.98896,15865568.488901699,2938068.2386855,14396534.369558949,15865568.488901699,17334602.60824445,12927500.2502162,18803636.7275872,391742.4318247333,31731136.977803398,6561.0,1215.0,5953.5,6561.0,7168.5,5346.0,7776.0,162.0,13122.0,225.0,1102.5,1215.0,1327.5,990.0,1440.0,30.0,2430.0,5402.25,5953.5,6504.75,4851.0,7056.0,147.0,11907.0,6561.0,7168.5,5346.0,7776.0,162.0,13122.0,7832.25,5841.0,8496.0,177.0,14337.0,4356.0,6336.0,132.0,10692.0,9216.0,192.0,15552.0,4.0,324.0,26244.0
0.1940150260925293,77.31359937475268,34043.75492468277,440.3333333333333,602.5744398458629,66.0,74.0,757.5,66.0,1466.0,15.0,6605.0,0.037641830349684824,14.999999999999998,6605.0,85.43128315607706,116.90849566938631,12.804991722106934,14.357111930847168,146.96638226509094,12.804991722106934,284.42602825164795,2.9102253913879395,1281.469247341156,5977.392648279759,2632045.2294591875,34043.75492468276,46587.19883570905,5102.697558733677,5721.206353731699,58565.05152637516,5102.697558733677,113341.73668338744,1159.7039906212904,510656.32387024147,1158977249.3718624,14990600.085168645,20513896.553990558,2246887.8250290626,2519237.864426525,25788144.3554472,2246887.8250290626,49908144.71958494,510656.3238702415,224859001.2775297,193893.44444444444,265333.61167879496,29062.0,32584.666666666664,333552.5,29062.0,645528.6666666666,6605.0,2908401.6666666665,363095.95555555547,39769.91302982695,44590.508548593854,456450.1381832411,39769.91302982695,883374.128814035,9038.616597687944,3980004.1751819244,4356.0,4884.0,49995.0,4356.0,96756.0,990.0,435930.0,5476.0,56055.0,4884.0,108484.0,1110.0,488770.0,573806.25,49995.0,1110495.0,11362.5,5003287.5,4356.0,96756.0,990.0,435930.0,2149156.0,21990.0,9682930.0,225.0,99075.0,43626025.0
40.74543619155884,0.220883633634152,20.19858116454523,91.44444444444444,26.973695462683274,67.0,69.0,120.0,67.0,127.0,9.0,823.0,1660.1905704403928,9.0,822.9999999999999,3725.943776183658,1099.0549873253015,2729.944224834442,2811.43509721756,4889.452342987061,2729.944224834442,5174.670396327972,366.70892572402954,33533.49398565292,0.04878957960742629,4.461536001879092,20.19858116454523,5.958047866338521,14.799203453488184,15.240970720756488,26.50603603609824,14.799203453488184,28.052221471537305,1.987952702707368,181.7872304809071,407.9826810607214,1847.0480331578583,544.8303771107336,1353.3049380245304,1393.702100353621,2423.829739745428,1353.3049380245304,2565.219807897244,181.78723048090708,16623.432298420725,8362.086419753086,2466.5945961987036,6126.777777777777,6309.666666666667,10973.333333333334,6126.777777777777,11613.444444444443,823.0,75258.77777777778,727.5802469135803,1807.2375959997794,1861.184986925146,3236.843455521993,1807.2375959997794,3425.659323760776,242.76325916414947,22199.351365788334,4489.0,4623.0,8040.0,4489.0,8509.0,603.0,55141.0,4761.0,8280.0,4623.0,8763.0,621.0,56787.0,14400.0,8040.0,15240.0,1080.0,98760.0,4489.0,8509.0,603.0,55141.0,16129.0,1143.0,104521.0,81.0,7407.0,677329.0
40.774014949798584,0.1962033910530932,25.727169651836846,131.125,147.36217077323474,75.0,75.0,75.75,75.0,521.0,8.0,1049.0,1662.5202951263984,8.0,1049.0,5346.492710292339,6008.547354142645,3058.051121234894,3058.051121234894,3088.6316324472427,3058.051121234894,21243.261788845062,326.1921195983887,42771.941682338715,0.038495770660733016,5.047757927888616,25.727169651836846,28.912957618653678,14.71525432898199,14.71525432898199,14.86240687227181,14.71525432898199,102.22196673866156,1.5696271284247456,205.81735721469477,661.8872582943948,3373.4751205971065,3791.2115677459633,1929.5377238877634,1929.5377238877634,1948.8331011266412,1929.5377238877634,13403.855388606997,205.81735721469477,26987.800964776852,17193.765625,19322.864642640405,9834.375,9834.375,9932.71875,9834.375,68316.125,1049.0,137550.125,21715.609375,11052.162807992605,11052.162807992605,11162.684436072532,11052.162807992605,76775.6909728553,1178.897366185878,154582.91714112324,5625.0,5625.0,5681.25,5625.0,39075.0,600.0,78675.0,5625.0,5681.25,5625.0,39075.0,600.0,78675.0,5738.0625,5681.25,39465.75,606.0,79461.75,5625.0,39075.0,600.0,78675.0,271441.0,4168.0,546529.0,64.0,8392.0,1100401.0
45.07036304473877,0.5325007028715649,79.78635531358948,149.83333333333334,159.90848077016497,75.0,75.5,81.0,75.0,686.0,24.0,3596.0,2031.3376249845542,24.0,3596.0,6753.042729536693,7207.133282243964,3380.2772283554077,3402.812409877777,3650.6994066238403,3380.2772283554077,30918.269048690796,1081.6887130737305,162073.02550888062,0.2835569985587107,42.48629028404682,79.78635531358948,85.15137840523697,39.93755271536737,40.203803066803154,43.132556932596756,39.93755271536737,365.29548216989355,12.780016868917558,1914.8725275261475,6365.862494226349,11954.655571152825,12758.514864384673,5983.976648519211,6023.8698261760055,6462.694780400748,5983.976648519211,54733.439745122385,1914.8725275261477,286911.7337076678,22450.02777777778,23959.620702063054,11237.5,11312.416666666668,12136.5,11237.5,102785.66666666667,3596.0,538800.6666666667,25570.72222222222,11993.136057762373,12073.090298147456,12952.586942383363,11993.136057762373,109697.21780833317,3837.8035384839595,575030.8968495133,5625.0,5662.5,6075.0,5625.0,51450.0,1800.0,269700.0,5700.25,6115.5,5662.5,51793.0,1812.0,271498.0,6561.0,6075.0,55566.0,1944.0,291276.0,5625.0,51450.0,1800.0,269700.0,470596.0,16464.0,2466856.0,576.0,86304.0,12931216.0
0.08862590789794922,90.2670583551237,26798.03294917735,296.875,404.5545196571162,75.0,98.0,225.5,75.0,1292.0,8.0,2375.0,0.007854551550735778,8.0,2375.0,26.310816407203674,35.85401159883067,6.646943092346191,8.685338973999023,19.98514223098755,6.646943092346191,114.50467300415039,0.7090072631835938,210.4865312576294,8148.141824087306,2418979.604025919,26798.03294917735,36517.946433717945,6770.0293766342775,8846.171718802121,20355.221659080395,6770.0293766342775,116625.03939481982,722.1364668409896,214384.2635934188,718134569.9451948,7955666.031787025,10841265.347510016,2009852.4711883012,2626207.22901938,6042956.430039492,2009852.4711883012,34623058.57033713,214384.2635934188,63645328.2542962,88134.765625,120102.12302320637,22265.625,29093.75,66945.3125,22265.625,383562.5,2375.0,705078.125,163664.35937500003,30341.588974283713,39646.34292639739,91227.0441826797,30341.588974283713,522684.43939699413,3236.4361572569296,960816.984185651,5625.0,7350.0,16912.5,5625.0,96900.0,600.0,178125.0,9604.0,22099.0,7350.0,126616.0,784.0,232750.0,50850.25,16912.5,291346.0,1804.0,535562.5,5625.0,96900.0,600.0,178125.0,1669264.0,10336.0,3068500.0,64.0,19000.0,5640625.0
45.07311701774597,0.6655852087662041,105.71711732569875,158.83333333333334,174.39917494708,74.0,80.0,154.25,68.0,692.0,30.0,4765.0,2031.5858776954215,30.0,4765.0,7159.113419651985,7860.714420188089,3335.410659313202,3605.8493614196777,6952.528299987316,3064.971957206726,31190.596976280212,1352.1935105323792,214773.40258955956,0.44300367012835146,70.36374960538649,105.71711732569875,116.077511265806,49.2533054486991,53.246816701296325,102.66651845218698,45.25979419610188,460.58496446621325,19.967556262986122,3171.5135197709624,11176.108895655556,16791.40213523182,18436.97803938552,7823.066682101708,8457.3693860559,16306.865347489033,7188.763978147515,73156.24518938354,3171.5135197709624,503742.0640569546,25228.02777777778,27700.402287427878,11753.666666666668,12706.666666666668,24500.041666666668,10800.666666666668,109912.66666666667,4765.0,756840.8333333334,30415.07222222222,12905.538946083921,13951.933995766401,26901.07273558709,11859.143896401441,120684.22906337937,5231.9752484124,831012.0686228363,5476.0,5920.0,11414.5,5032.0,51208.0,2220.0,352610.0,6400.0,12340.0,5440.0,55360.0,2400.0,381200.0,23793.0625,10489.0,106741.0,4627.5,735001.25,4624.0,47056.0,2040.0,324020.0,478864.0,20760.0,3297380.0,900.0,142950.0,22705225.0
0.049429893493652344,182.07605487063725,60813.40232679284,334.0,409.9794032766904,67.0,134.0,334.0,67.0,1292.0,9.0,3006.0,0.0024433143707938143,9.0,3006.0,16.509584426879883,20.26523823855795,3.311802864074707,6.623605728149414,16.509584426879883,3.311802864074707,63.86342239379883,0.4448690414428711,148.58625984191895,33151.689757255306,11072664.378923273,60813.40232679284,74647.43232683779,12199.095676332696,24398.19135266539,60813.40232679284,12199.095676332696,235242.26289286333,1638.6844938357353,547320.6209411356,3698269902.5603733,20311676.37714881,24932242.397163823,4074497.9558951203,8148995.911790241,20311676.37714881,4074497.9558951203,78570915.80621636,547320.6209411356,182805087.3943393,111556.0,136933.1206944146,22378.0,44756.0,111556.0,22378.0,431528.0,3006.0,1004004.0,168083.11111111112,27468.620019538255,54937.24003907651,136933.1206944146,27468.620019538255,529693.389033484,3689.8146294902135,1232398.0862497312,4489.0,8978.0,22378.0,4489.0,86564.0,603.0,201402.0,17956.0,44756.0,8978.0,173128.0,1206.0,402804.0,111556.0,22378.0,431528.0,3006.0,1004004.0,4489.0,86564.0,603.0,201402.0,1669264.0,11628.0,3883752.0,81.0,27054.0,9036036.0
30.824644088745117,0.38929889881134144,90.28490294933027,231.91666666666666,278.85702977611226,66.0,72.0,243.25,66.0,907.0,12.0,2783.0,950.1586831978093,12.0,2783.0,7148.748708248138,8595.668694493259,2034.4265098571777,2219.3743743896484,7498.09467458725,2034.4265098571777,27957.95218849182,369.8957290649414,85784.98449897766,0.15155363261572308,35.14781329746311,90.28490294933026,108.55873461764195,25.693727321548536,28.029520714416584,94.69695713585881,25.693727321548536,353.09410122188666,4.671586785736097,1083.4188353919633,8151.363700569987,20938.573742332177,25176.5798700748,5958.803594655798,6500.513012351779,21961.80264242459,5958.803594655798,81888.40697504256,1083.4188353919633,251262.88490798615,53785.340277777774,64671.592822243365,15306.5,16698.0,56413.729166666664,15306.5,210348.41666666666,2783.0,645424.0833333333,77761.24305555556,18404.56396522341,20077.70614388008,67831.97249303931,18404.56396522341,252923.3260069338,3346.284357313347,776059.1138669205,4356.0,4752.0,16054.5,4356.0,59862.0,792.0,183678.0,5184.0,17514.0,4752.0,65304.0,864.0,200376.0,59170.5625,16054.5,220627.75,2919.0,676964.75,4356.0,59862.0,792.0,183678.0,822649.0,10884.0,2524181.0,144.0,33396.0,7745089.0
30.81215000152588,0.42191148619477103,209.30055188231373,496.0769230769231,629.0085558349818,66.0,66.0,1354.0,66.0,1466.0,13.0,6449.0,949.3885877165312,13.0,6449.0,15285.196566141569,19381.105974630627,2033.601900100708,2033.601900100708,41719.65110206604,2033.601900100708,45170.61190223694,400.5579500198364,198707.5553598404,0.17800930218308048,88.30630690605277,209.30055188231373,265.3859346215638,27.84615808885489,27.84615808885489,571.26815230772,27.84615808885489,618.5222387615344,5.484849320532024,2720.907174470078,43806.7210182411,103829.1737760801,131651.83787495884,13813.836424232706,13813.836424232706,283392.9472486528,13813.836424232706,306834.6090594719,2720.9071744700786,1349779.2590890413,246092.31360946747,312036.6289676768,32741.076923076926,32741.076923076926,671688.1538461539,32741.076923076926,727248.7692307692,6449.0,3199200.076923077,395651.76331360947,41514.5646851088,41514.5646851088,851677.5846005654,41514.5646851088,922126.5428540834,8177.111225854764,4056476.176579798,4356.0,4356.0,89364.0,4356.0,96756.0,858.0,425634.0,4356.0,89364.0,4356.0,96756.0,858.0,425634.0,1833316.0,89364.0,1984964.0,17602.0,8731946.0,4356.0,96756.0,858.0,425634.0,2149156.0,19058.0,9454234.0,169.0,83837.0,41589601.0
39.586190938949585,0.3031360106989475,29.833635719621416,98.41666666666667,27.405772911722245,66.0,121.0,121.0,66.0,123.0,12.0,1181.0,1567.0665130549742,12.0,1181.0,3895.940958241622,1084.8901593129292,2612.6886019706726,4789.9291036129,4789.9291036129,2612.6886019706726,4869.101485490799,475.034291267395,46751.29149889946,0.09189144098247243,9.04364931669166,29.83363571962142,8.307676670580761,20.006976706130537,36.67945729457265,36.67945729457265,20.006976706130537,37.28572931597054,3.63763212838737,358.003628635457,890.0458202510708,2936.126982072741,817.6138456629898,1969.0199574950134,3609.8699220741914,3609.8699220741914,1969.0199574950134,3669.537193513434,358.003628635457,35233.523784872894,9685.84027777778,2697.1848173953313,6495.5,11908.416666666668,11908.416666666668,6495.5,12105.25,1181.0,116230.08333333334,751.0763888888888,1808.7810121736682,3316.0985223183916,3316.0985223183916,1808.7810121736682,3370.9100681418363,328.86927494066697,32366.21780874397,4356.0,7986.0,7986.0,4356.0,8118.0,792.0,77946.0,14641.0,14641.0,7986.0,14883.0,1452.0,142901.0,14641.0,7986.0,14883.0,1452.0,142901.0,4356.0,8118.0,792.0,77946.0,15129.0,1476.0,145263.0,144.0,14172.0,1394761.0
39.58616900444031,0.3031361786651793,29.833652250298062,98.41666666666667,27.405772911722245,66.0,121.0,121.0,66.0,123.0,12.0,1181.0,1567.0647764481105,12.0,1181.0,3895.9387995203338,1084.889558180749,2612.6871542930603,4789.926449537277,4789.926449537277,2612.6871542930603,4869.098787546158,475.0340280532837,46751.265594244,0.09189154281572749,9.04365933878118,29.833652250298062,8.307681273825166,20.00698779190183,36.67947761848669,36.67947761848669,20.00698779190183,37.285749975817055,3.6376341439821513,358.0038270035767,890.0468065917146,2936.1286089668342,817.61429869896,1969.0210485196721,3609.8719222860655,3609.8719222860655,1969.0210485196721,3669.539226786662,358.00382700357676,35233.54330760201,9685.84027777778,2697.1848173953313,6495.5,11908.416666666668,11908.416666666668,6495.5,12105.25,1181.0,116230.08333333334,751.0763888888888,1808.7810121736682,3316.0985223183916,3316.0985223183916,1808.7810121736682,3370.9100681418363,328.86927494066697,32366.21780874397,4356.0,7986.0,7986.0,4356.0,8118.0,792.0,77946.0,14641.0,14641.0,7986.0,14883.0,1452.0,142901.0,14641.0,7986.0,14883.0,1452.0,142901.0,4356.0,8118.0,792.0,77946.0,15129.0,1476.0,145263.0,144.0,14172.0,1394761.0
39.586386919021606,0.30313450996544206,29.833488022432256,98.41666666666667,27.405772911722245,66.0,121.0,121.0,66.0,123.0,12.0,1181.0,1567.082029302485,12.0,1181.0,3895.9602459470434,1084.8955302982781,2612.701536655426,4789.952817201614,4789.952817201614,2612.701536655426,4869.125591039658,475.0366430282593,46751.52295136452,0.0918905311319887,9.043559772239886,29.833488022432256,8.307635541819108,20.006877657719176,36.67927570581849,36.67927570581849,20.006877657719176,37.285544725749375,3.6376141195853045,358.00185626918704,890.0370075846089,2936.112446207708,817.6097979073639,1969.0102094805288,3609.852050714303,3609.852050714303,1969.0102094805288,3669.5190267591674,358.0018562691871,35233.34935449249,9685.84027777778,2697.1848173953313,6495.5,11908.416666666668,11908.416666666668,6495.5,12105.25,1181.0,116230.08333333334,751.0763888888888,1808.7810121736682,3316.0985223183916,3316.0985223183916,1808.7810121736682,3370.9100681418363,328.86927494066697,32366.21780874397,4356.0,7986.0,7986.0,4356.0,8118.0,792.0,77946.0,14641.0,14641.0,7986.0,14883.0,1452.0,142901.0,14641.0,7986.0,14883.0,1452.0,142901.0,4356.0,8118.0,792.0,77946.0,15129.0,1476.0,145263.0,144.0,14172.0,1394761.0
39.54660606384277,0.2781528200483741,25.56477282444602,91.9090909090909,28.381987070722243,66.0,66.0,123.0,66.0,123.0,11.0,1011.0,1563.934051168766,11.0,1010.9999999999999,3634.692611867731,1122.4112619949315,2610.076000213623,2610.076000213623,4864.232545852661,2610.076000213623,4864.232545852661,435.0126667022705,39981.618730545044,0.0773689913008632,7.110913655015699,25.56477282444602,7.894529742297885,18.35808612319269,18.35808612319269,34.21279686595002,18.35808612319269,34.21279686595002,3.059681020532115,281.2125010689062,653.5576095655338,2349.635029592266,725.5790517693783,1687.2750064134373,1687.2750064134373,3144.4670574068605,1687.2750064134373,3144.4670574068605,281.21250106890625,25845.98532551493,8447.280991735537,2608.5626298636535,6066.0,6066.0,11304.818181818182,6066.0,11304.818181818182,1011.0,92920.09090909091,805.5371900826445,1873.2111466676681,1873.2111466676681,3490.984409698836,1873.2111466676681,3490.984409698836,312.20185777794467,28694.18892850019,4356.0,4356.0,8118.0,4356.0,8118.0,726.0,66726.0,4356.0,8118.0,4356.0,8118.0,726.0,66726.0,15129.0,8118.0,15129.0,1353.0,124353.0,4356.0,8118.0,726.0,66726.0,15129.0,1353.0,124353.0,121.0,11121.0,1022121.0
39.54675507545471,0.2781517719724953,25.564676496744795,91.9090909090909,28.381987070722243,66.0,66.0,123.0,66.0,123.0,11.0,1011.0,1563.945836998003,11.0,1011.0,3634.706307389519,1122.415491240575,2610.085834980011,2610.085834980011,4864.25087428093,2610.085834980011,4864.25087428093,435.01430583000183,39981.769381284714,0.07736840825143902,7.110860067473168,25.564676496744795,7.894499995821843,18.35801695018469,18.35801695018469,34.21266795261692,18.35801695018469,34.21266795261692,3.0596694916974485,281.2114414641928,653.5526843832157,2349.626176200817,725.5763177978075,1687.2686487851565,1687.2686487851565,3144.45520909961,1687.2686487851565,3144.45520909961,281.2114414641927,25845.887938208987,8447.280991735537,2608.5626298636535,6066.0,6066.0,11304.818181818182,6066.0,11304.818181818182,1011.0,92920.09090909091,805.5371900826445,1873.2111466676681,1873.2111466676681,3490.984409698836,1873.2111466676681,3490.984409698836,312.20185777794467,28694.18892850019,4356.0,4356.0,8118.0,4356.0,8118.0,726.0,66726.0,4356.0,8118.0,4356.0,8118.0,726.0,66726.0,15129.0,8118.0,15129.0,1353.0,124353.0,4356.0,8118.0,726.0,66726.0,15129.0,1353.0,124353.0,121.0,11121.0,1022121.0
39.54741907119751,0.2781471018423887,25.564247269332274,91.9090909090909,28.381987070722243,66.0,66.0,123.0,66.0,123.0,11.0,1011.0,1563.9983551929165,11.0,1011.0,3634.7673346346073,1122.434336759162,2610.1296586990356,2610.1296586990356,4864.332545757294,2610.1296586990356,4864.332545757294,435.0216097831726,39982.44068098068,0.07736581026332016,7.110621288746971,25.56424726933227,7.89436744824954,18.357708721597657,18.357708721597657,34.21209352661381,18.357708721597657,34.21209352661381,3.059618120266276,281.206719962655,653.5307384475626,2349.586726299539,725.564135470935,1687.2403197759302,1687.2403197759302,3144.4024141278696,1687.2403197759302,3144.4024141278696,281.20671996265503,25845.45398929493,8447.280991735537,2608.5626298636535,6066.0,6066.0,11304.818181818182,6066.0,11304.818181818182,1011.0,92920.09090909091,805.5371900826445,1873.2111466676681,1873.2111466676681,3490.984409698836,1873.2111466676681,3490.984409698836,312.20185777794467,28694.18892850019,4356.0,4356.0,8118.0,4356.0,8118.0,726.0,66726.0,4356.0,8118.0,4356.0,8118.0,726.0,66726.0,15129.0,8118.0,15129.0,1353.0,124353.0,4356.0,8118.0,726.0,66726.0,15129.0,1353.0,124353.0,121.0,11121.0,1022121.0
15.036189079284668,0.1995186402738906,32.78756321834269,164.33333333333334,139.06433363335435,66.0,66.0,213.5,66.0,361.0,3.0,493.0,226.0869820279995,3.0,493.0,2470.9470720291138,2090.9976146958425,992.3884792327881,992.3884792327881,3210.2263684272766,992.3884792327881,5428.064257621765,45.108567237854004,7412.841216087341,0.03980768781674216,6.541730031217962,32.78756321834269,27.745926757121534,13.168230258076779,13.168230258076779,42.597229698475644,13.168230258076779,72.02622913887451,0.5985559208216717,98.36268965502806,1075.0243017968185,5388.089555547649,4559.580630420305,2163.9791724106176,2163.9791724106176,7000.144747116165,2163.9791724106176,11836.310321821711,98.36268965502808,16164.268666642945,27005.44444444445,22852.9054937479,10846.0,10846.0,35085.16666666667,10846.0,59324.333333333336,493.0,81016.33333333334,19338.88888888889,9178.246019801387,9178.246019801387,29690.235230721155,9178.246019801387,50202.22444164092,417.19300090006305,68558.7164812437,4356.0,4356.0,14091.0,4356.0,23826.0,198.0,32538.0,4356.0,14091.0,4356.0,23826.0,198.0,32538.0,45582.25,14091.0,77073.5,640.5,105255.5,4356.0,23826.0,198.0,32538.0,130321.0,1083.0,177973.0,9.0,1479.0,243049.0
15.020069122314453,0.13315517949439493,17.243595744524143,129.5,63.5,97.75,129.5,161.25,66.0,193.0,2.0,259.0,225.60247643910407,1.9999999999999998,259.0,1945.0989513397217,953.7743892669678,1468.2117567062378,1945.0989513397217,2421.9861459732056,991.3245620727539,2898.8733406066895,30.040138244628906,3890.1979026794434,0.01773030182618453,2.2960740864908966,17.243595744524143,8.455353897894078,13.015918795577104,17.243595744524143,21.47127269347118,8.788241846630065,25.69894964241822,0.26631035898878985,34.487191489048286,297.34159420057114,2233.0456489158764,1094.968329777283,1685.5614840272349,2233.0456489158764,2780.529813804518,1138.0773191385933,3328.0139786931595,34.487191489048286,4466.091297831753,16770.25,8223.25,12658.625,16770.25,20881.875,8547.0,24993.5,259.0,33540.5,4032.25,6207.125,8223.25,10239.375,4191.0,12255.5,127.0,16446.5,9555.0625,12658.625,15762.1875,6451.5,18865.75,195.5,25317.25,16770.25,20881.875,8547.0,24993.5,259.0,33540.5,26001.5625,10642.5,31121.25,322.5,41763.75,4356.0,12738.0,132.0,17094.0,37249.0,386.0,49987.0,4.0,518.0,67081.0
40.04754900932312,0.32461412300097525,31.137985490939702,95.92307692307692,27.711318261015908,66.0,121.0,121.0,66.0,123.0,13.0,1247.0,1603.8061816541372,13.0,1247.0,3841.4841242019947,1109.7703761709854,2643.138234615326,4845.7534301280975,4845.7534301280975,2643.138234615326,4925.848528146744,520.6181371212006,49939.29361462593,0.10537432885169229,10.107829852158483,31.137985490939702,8.99548527450059,21.424532118064366,39.27830888311801,39.27830888311801,21.424532118064366,39.927537129119955,4.219983599012679,404.7938113822161,969.5741404339714,2986.851377477062,862.8746259463258,2055.1070424020204,3767.696244403704,3767.696244403704,2055.1070424020204,3829.9722153855832,404.7938113822161,38829.06790720181,9201.236686390532,2658.1549131912952,6330.923076923077,11606.692307692307,11606.692307692307,6330.923076923077,11798.538461538461,1247.0,119616.07692307692,767.9171597633137,1828.9470052270499,3353.0695095829246,3353.0695095829246,1828.9470052270499,3408.4921461049566,360.2471373932068,34556.01387148684,4356.0,7986.0,7986.0,4356.0,8118.0,858.0,82302.0,14641.0,14641.0,7986.0,14883.0,1573.0,150887.0,14641.0,7986.0,14883.0,1573.0,150887.0,4356.0,8118.0,858.0,82302.0,15129.0,1599.0,153381.0,169.0,16211.0,1555009.0
40.01212120056152,0.2749166919909667,51.309451696132236,186.63636363636363,292.625193946508,66.0,123.0,123.0,66.0,1108.0,11.0,2053.0,1600.969842968425,11.0,2053.0,7467.716802250255,11708.554726525499,2640.7999992370605,4921.490907669067,4921.490907669067,2640.7999992370605,44333.43029022217,440.13333320617676,82144.88482475281,0.07557918753525605,14.105824728170969,51.309451696132236,80.44755031298902,18.144501671403802,33.8147531148889,33.8147531148889,18.144501671403802,304.6076947259911,3.0240836119006334,564.4039686574546,2632.659833357727,9576.20948474177,15014.438253869677,3386.4238119447277,6311.062558624265,6311.062558624265,3386.4238119447277,56850.872479314516,564.4039686574546,105338.30433215947,34833.132231404954,54614.50210656189,12318.0,22956.272727272724,22956.272727272724,12318.0,206793.0909090909,2053.0,383164.45454545453,85629.5041322314,19313.262800469525,35992.898855420484,35992.898855420484,19313.262800469525,324228.7148927308,3218.8771334115877,600759.5231721809,4356.0,8118.0,8118.0,4356.0,73128.0,726.0,135498.0,15129.0,15129.0,8118.0,136284.0,1353.0,252519.0,15129.0,8118.0,136284.0,1353.0,252519.0,4356.0,73128.0,726.0,135498.0,1227664.0,12188.0,2274724.0,121.0,22583.0,4214809.0
0.04065895080566406,196.75864333630435,54280.790730402965,275.875,395.2272882469023,75.0,99.0,184.0,75.0,1292.0,8.0,2207.0,0.0016531502806174103,7.999999999999999,2207.0,11.216788053512573,16.06952686988681,3.0494213104248047,4.025236129760742,7.4812469482421875,3.0494213104248047,52.53136444091797,0.3252716064453125,89.73430442810059,38713.96372754302,10680214.743335932,54280.79073040296,77764.38504494699,14756.898250222826,19479.10569029413,36203.59037388,14756.898250222826,254212.16719050522,1574.0691466904348,434246.32584322366,2946404242.3178005,14974713.142749919,21453249.724274755,4071059.3047802225,5373798.2823098935,9987665.494394146,4071059.3047802225,70130781.62368064,434246.3258432237,119797705.14199935,76107.015625,109033.32814511417,20690.625,27311.625,50761.0,20690.625,356430.5,2207.0,608856.125,156204.60937499997,29642.04661851767,39127.50153644333,72721.82103743003,29642.04661851767,510633.65641499776,3161.818305975218,872266.6251609133,5625.0,7425.0,13800.0,5625.0,96900.0,600.0,165525.0,9801.0,18216.0,7425.0,127908.0,792.0,218493.0,33856.0,13800.0,237728.0,1472.0,406088.0,5625.0,96900.0,600.0,165525.0,1669264.0,10336.0,2851444.0,64.0,17656.0,4870849.0
0.02548503875732422,353.1483740597987,129095.35007297085,365.55555555555554,424.1941670485636,67.0,120.0,652.0,67.0,1292.0,9.0,3290.0,0.0006494872004623176,9.0,3290.0,9.316197501288519,10.810604787863507,1.7074975967407227,3.0582046508789062,16.61624526977539,1.7074975967407227,32.92667007446289,0.22936534881591797,83.84577751159668,124713.7741010795,45589812.97695017,129095.35007297085,149803.4803788509,23660.941062006514,42377.804887175844,230252.73988698874,23660.941062006514,456267.69928525994,3178.3353665381883,1161858.1506567376,16665609410.462894,47191522.415563785,54761494.49404659,8649388.454889046,15491442.008756502,84170168.247577,8649388.454889046,166791192.29427832,1161858.1506567376,424723701.7400741,133630.86419753084,155066.5343988638,24492.222222222223,43866.666666666664,238342.22222222222,24492.222222222223,472297.77777777775,3290.0,1202677.7777777778,179940.6913580247,28421.00919225376,50903.30004582763,276574.59691566345,28421.00919225376,548058.8638267441,3817.7475034370723,1395598.8095897743,4489.0,8040.0,43684.0,4489.0,86564.0,603.0,220430.0,14400.0,78240.0,8040.0,155040.0,1080.0,394800.0,425104.0,43684.0,842384.0,5868.0,2145080.0,4489.0,86564.0,603.0,220430.0,1669264.0,11628.0,4250680.0,81.0,29610.0,10824100.0
36.73860502243042,0.21775459343422737,16.71266504607695,76.75,19.638928178492836,60.0,69.5,86.25,60.0,108.0,8.0,614.0,1349.7250989941497,8.0,614.0,2819.6879354715347,721.5068254135272,2204.316301345825,2553.333049058914,3168.7046831846237,2204.316301345825,3967.7693424224854,293.90884017944336,22557.503483772278,0.047417062961705655,3.639259582310909,16.71266504607695,4.276466820991699,13.065275606053643,15.133944243678803,18.781333683702112,13.065275606053643,23.517496090896557,1.742036747473819,133.7013203686156,279.31317294236226,1282.6970422864058,328.21882851111286,1002.759902764617,1161.530220702348,1441.4673602241369,1002.759902764617,1804.9678249763106,133.7013203686156,10261.576338291246,5890.5625,1507.2877376993251,4605.0,5334.125,6619.6875,4605.0,8289.0,614.0,47124.5,385.68749999999994,1178.3356907095701,1364.905508405252,1693.8575553950072,1178.3356907095701,2121.004243277226,157.1114254279427,12058.301901594601,3600.0,4170.0,5175.0,3600.0,6480.0,480.0,36840.0,4830.25,5994.375,4170.0,7506.0,556.0,42673.0,7439.0625,5175.0,9315.0,690.0,52957.5,3600.0,6480.0,480.0,36840.0,11664.0,864.0,66312.0,64.0,4912.0,376996.0
36.72148513793945,0.21785611257140192,17.156168864997902,78.75,21.370248009791556,60.0,71.5,90.25,60.0,112.0,8.0,630.0,1348.4674707359081,8.0,630.0,2891.816954612732,784.7472446856408,2203.289108276367,2625.586187362671,3314.1140336990356,2203.289108276367,4112.806335449219,293.7718811035156,23134.535636901855,0.04746128578472334,3.7375762555469634,17.156168864997902,4.655639156099927,13.071366754284115,15.576712048855237,19.661514159569023,13.071366754284115,24.399884607997016,1.7428489005712153,137.24935091998321,294.3341301243234,1351.0482981185849,366.6315835428693,1029.3701318998742,1226.66607384735,1548.3442400660606,1029.3701318998742,1921.490912879765,137.24935091998321,10808.386384948679,6201.5625,1682.9070307710851,4725.0,5630.625,7107.1875,4725.0,8820.0,630.0,49612.5,456.68749999999994,1282.2148805874933,1527.9727327000962,1928.664882883688,1282.2148805874933,2393.467777096654,170.96198407833245,13463.256246168681,3600.0,4290.0,5415.0,3600.0,6720.0,480.0,37800.0,5112.25,6452.875,4290.0,8008.0,572.0,45045.0,8145.0625,5415.0,10108.0,722.0,56857.5,3600.0,6720.0,480.0,37800.0,12544.0,896.0,70560.0,64.0,5040.0,396900.0
42.97450399398804,0.23269611212729668,19.08108119443833,82.0,16.0,66.0,82.0,98.0,66.0,98.0,10.0,820.0,1846.8079935292938,10.0,820.0,3523.909327507019,687.5920639038086,2836.3172636032104,3523.909327507019,4211.501391410828,2836.3172636032104,4211.501391410828,429.74503993988037,35239.09327507019,0.05414748059915943,4.440093409131074,19.08108119443833,3.723137794036747,15.357943400401581,19.08108119443833,22.804218988475075,15.357943400401581,22.804218988475075,2.3269611212729666,190.8108119443833,364.0876595487481,1564.6486579439431,305.2972991110133,1259.3513588329297,1564.6486579439431,1869.9459570549564,1259.3513588329297,1869.9459570549564,190.8108119443833,15646.48657943943,6724.0,1312.0,5412.0,6724.0,8036.0,5412.0,8036.0,820.0,67240.0,256.0,1056.0,1312.0,1568.0,1056.0,1568.0,160.0,13120.0,4356.0,5412.0,6468.0,4356.0,6468.0,660.0,54120.0,6724.0,8036.0,5412.0,8036.0,820.0,67240.0,9604.0,6468.0,9604.0,980.0,80360.0,4356.0,6468.0,660.0,54120.0,9604.0,980.0,80360.0,100.0,8200.0,672400.0
42.94581699371338,0.11642577438291428,10.944022791993943,94.0,0.0,94.0,94.0,94.0,94.0,94.0,5.0,470.0,1844.3431972575208,5.0,470.0,4036.9067974090576,0.0,4036.9067974090576,4036.9067974090576,4036.9067974090576,4036.9067974090576,4036.9067974090576,214.7290849685669,20184.533987045288,0.013554960940661259,1.2741663284221585,10.944022791993943,0.0,10.944022791993943,10.944022791993943,10.944022791993943,10.944022791993943,10.944022791993943,0.5821288719145714,54.72011395996971,119.77163487168289,1028.7381424474306,0.0,1028.7381424474306,1028.7381424474306,1028.7381424474306,1028.7381424474306,1028.7381424474306,54.720113959969716,5143.690712237153,8836.0,0.0,8836.0,8836.0,8836.0,8836.0,8836.0,470.0,44180.0,0.0,0.0,0.0,0.0,0.0,0.0,0.0,0.0,8836.0,8836.0,8836.0,8836.0,8836.0,470.0,44180.0,8836.0,8836.0,8836.0,8836.0,470.0,44180.0,8836.0,8836.0,8836.0,470.0,44180.0,8836.0,8836.0,470.0,44180.0,8836.0,470.0,44180.0,25.0,2350.0,220900.0
43.10257387161255,0.27840564778669113,48.906592127862076,175.66666666666666,279.1183540284579,66.0,94.5,123.0,66.0,1097.0,12.0,2108.0,1857.8318743578168,12.0,2108.0,7571.685476779938,12030.71947343451,2844.769875526428,4073.193230867386,5301.6165862083435,2844.769875526428,47283.523537158966,517.2308864593506,90860.22572135925,0.07750970471952712,13.61587146239693,48.906592127862076,77.70812616244781,18.374772753921615,26.309333715842314,34.24389467776301,18.374772753921615,305.4109956220002,3.3408677734402934,586.879105534345,2391.854753561061,8591.258017127771,13650.727495869998,3227.835080438897,4621.672956082966,6015.510831727035,3227.835080438897,53650.5315642647,586.879105534345,103095.09620553326,30858.777777777774,49031.790857665765,11594.0,16600.5,21607.0,11594.0,192706.3333333333,2108.0,370305.3333333333,77907.05555555555,18421.81136587822,26376.68445568927,34331.55754550032,18421.81136587822,306192.83436921827,3349.4202483414947,588381.4902919892,4356.0,6237.0,8118.0,4356.0,72402.0,792.0,139128.0,8930.25,11623.5,6237.0,103666.5,1134.0,199206.0,15129.0,8118.0,134931.0,1476.0,259284.0,4356.0,72402.0,792.0,139128.0,1203409.0,13164.0,2312476.0,144.0,25296.0,4443664.0
43.10188293457031,0.30161095327863774,28.931450672189328,95.92307692307692,27.711318261015908,66.0,121.0,121.0,66.0,123.0,13.0,1247.0,1857.7723125054035,13.0,1247.0,4134.465232262244,1194.4099956489283,2844.7242736816406,5215.327835083008,5215.327835083008,2844.7242736816406,5301.531600952148,560.3244781494141,53748.04801940918,0.09096916713764859,8.726042416972907,28.931450672189328,8.35803711731273,19.906322916390092,36.49492534671516,36.49492534671516,19.906322916390092,37.098147253272444,3.9209423926222904,376.10885873846127,837.0288379973243,2775.1937683246224,801.7286373299211,1909.4757443644958,3500.7055313349088,3500.7055313349088,1909.4757443644958,3558.5684326792875,376.10885873846127,36077.518988220094,9201.236686390532,2658.1549131912952,6330.923076923077,11606.692307692307,11606.692307692307,6330.923076923077,11798.538461538461,1247.0,119616.07692307692,767.9171597633137,1828.9470052270499,3353.0695095829246,3353.0695095829246,1828.9470052270499,3408.4921461049566,360.2471373932068,34556.01387148684,4356.0,7986.0,7986.0,4356.0,8118.0,858.0,82302.0,14641.0,14641.0,7986.0,14883.0,1573.0,150887.0,14641.0,7986.0,14883.0,1573.0,150887.0,4356.0,8118.0,858.0,82302.0,15129.0,1599.0,153381.0,169.0,16211.0,1555009.0
40.04143285751343,0.29968957511340166,29.494449017410613,98.41666666666667,27.405772911722245,66.0,121.0,121.0,66.0,123.0,12.0,1181.0,1603.316345282756,12.0,1181.0,3940.7443503936133,1097.3664159529865,2642.7345685958862,4845.013375759125,4845.013375759125,2642.7345685958862,4925.096241474152,480.49719429016113,47288.93220472336,0.08981384143165122,8.839178894231674,29.494449017410616,8.213224439568412,19.77951195748451,36.2624385887216,36.2624385887216,19.77951195748451,36.8618177389484,3.59627490136082,353.93338820892734,869.9225228406339,2902.7453574634947,808.3181719275245,1946.6336351491004,3568.8283311066843,3568.8283311066843,1946.6336351491004,3627.8172291415053,353.93338820892734,34832.944289561936,9685.84027777778,2697.1848173953313,6495.5,11908.416666666668,11908.416666666668,6495.5,12105.25,1181.0,116230.08333333334,751.0763888888888,1808.7810121736682,3316.0985223183916,3316.0985223183916,1808.7810121736682,3370.9100681418363,328.86927494066697,32366.21780874397,4356.0,7986.0,7986.0,4356.0,8118.0,792.0,77946.0,14641.0,14641.0,7986.0,14883.0,1452.0,142901.0,14641.0,7986.0,14883.0,1452.0,142901.0,4356.0,8118.0,792.0,77946.0,15129.0,1476.0,145263.0,144.0,14172.0,1394761.0
40.03494906425476,0.29973811083761837,29.499225741602277,98.41666666666667,27.405772911722245,66.0,121.0,121.0,66.0,123.0,12.0,1181.0,1602.797146577473,12.0,1181.0,3940.1062370737395,1097.188722587333,2642.306638240814,4844.228836774826,4844.228836774826,2642.306638240814,4924.298734903336,480.41938877105713,47281.27484488487,0.0898429350885044,8.842042194960309,29.499225741602274,8.214554598604401,19.78271531528281,36.268311411351824,36.268311411351824,19.78271531528281,36.867787633027056,3.5968573300514204,353.9907088992273,870.2043193540104,2903.215466736024,808.4490817459832,1946.9488989457502,3569.4063147338757,3569.4063147338757,1946.9488989457502,3628.40476621708,353.99070889922734,34838.58560083229,9685.84027777778,2697.1848173953313,6495.5,11908.416666666668,11908.416666666668,6495.5,12105.25,1181.0,116230.08333333334,751.0763888888888,1808.7810121736682,3316.0985223183916,3316.0985223183916,1808.7810121736682,3370.9100681418363,328.86927494066697,32366.21780874397,4356.0,7986.0,7986.0,4356.0,8118.0,792.0,77946.0,14641.0,14641.0,7986.0,14883.0,1452.0,142901.0,14641.0,7986.0,14883.0,1452.0,142901.0,4356.0,8118.0,792.0,77946.0,15129.0,1476.0,145263.0,144.0,14172.0,1394761.0
40.03477501869202,0.3247176983992135,31.147920761832246,95.92307692307692,27.711318261015908,66.0,121.0,121.0,66.0,123.0,13.0,1247.0,1602.7832107972863,13.000000000000002,1247.0,3840.2588037160726,1109.4163920511435,2642.295151233673,4844.207777261734,4844.207777261734,2642.295151233673,4924.277327299118,520.4520752429962,49923.364448308945,0.10544158365368257,10.114281139703243,31.147920761832246,8.998355485325181,21.43136809434809,39.29084150630483,39.29084150630483,21.43136809434809,39.94027690310326,4.221330079189776,404.92296990381925,970.1929677853803,2987.804399231139,863.1499454000384,2055.762770280928,3768.8984121817016,3768.8984121817016,2055.762770280928,3831.1942537053665,404.9229699038192,38841.45719000481,9201.236686390532,2658.1549131912952,6330.923076923077,11606.692307692307,11606.692307692307,6330.923076923077,11798.538461538461,1247.0,119616.07692307692,767.9171597633137,1828.9470052270499,3353.0695095829246,3353.0695095829246,1828.9470052270499,3408.4921461049566,360.2471373932068,34556.01387148684,4356.0,7986.0,7986.0,4356.0,8118.0,858.0,82302.0,14641.0,14641.0,7986.0,14883.0,1573.0,150887.0,14641.0,7986.0,14883.0,1573.0,150887.0,4356.0,8118.0,858.0,82302.0,15129.0,1599.0,153381.0,169.0,16211.0,1555009.0
40.03371500968933,0.29974735037944017,29.500135066509902,98.41666666666667,27.405772911722245,66.0,121.0,121.0,66.0,123.0,12.0,1181.0,1602.6983374770248,12.000000000000002,1181.0,3939.9847855369253,1097.154902368152,2642.225190639496,4844.079516172409,4844.079516172409,2642.225190639496,4924.146946191788,480.404580116272,47279.8174264431,0.08984847405949486,8.842587322021952,29.500135066509905,8.214807815389378,19.783325125043053,36.26942939591226,36.26942939591226,19.783325125043053,36.868924096671144,3.5969682045532823,354.00162079811884,870.2579689423271,2903.3049594623494,808.4740024979046,1947.0089143896535,3569.5163430476982,3569.5163430476982,1947.0089143896535,3628.5166131807177,354.00162079811884,34839.65951354819,9685.84027777778,2697.1848173953313,6495.5,11908.416666666668,11908.416666666668,6495.5,12105.25,1181.0,116230.08333333334,751.0763888888888,1808.7810121736682,3316.0985223183916,3316.0985223183916,1808.7810121736682,3370.9100681418363,328.86927494066697,32366.21780874397,4356.0,7986.0,7986.0,4356.0,8118.0,792.0,77946.0,14641.0,14641.0,7986.0,14883.0,1452.0,142901.0,14641.0,7986.0,14883.0,1452.0,142901.0,4356.0,8118.0,792.0,77946.0,15129.0,1476.0,145263.0,144.0,14172.0,1394761.0
39.99658799171448,0.2750234595580681,51.454389070045835,187.0909090909091,294.0564121962298,66.0,123.0,123.0,66.0,1113.0,11.0,2058.0,1599.7270509789587,11.0,2058.0,7482.9980079044,11761.253164934367,2639.7748074531555,4919.580322980881,4919.580322980881,2639.7748074531555,44516.20243477821,439.96246790885925,82312.9780869484,0.07563790330728833,14.151164091490854,51.454389070045835,80.87241178744041,18.151548330832497,33.82788552564238,33.82788552564238,18.151548330832497,306.1011104881298,3.025258055138749,565.9982797705042,2647.5541545716524,9626.648427832211,15130.49304168658,3395.989678623025,6328.889855615637,6328.889855615637,3395.989678623025,57268.73503496101,565.9982797705042,105893.13270615433,35003.00826446281,55015.28148180372,12348.0,23012.18181818182,23012.18181818182,12348.0,208232.18181818182,2058.0,385033.09090909094,86469.17355371901,19407.72320495117,36168.93870013627,36168.93870013627,19407.72320495117,327284.78677440376,3234.620534158528,605168.096299841,4356.0,8118.0,8118.0,4356.0,73458.0,726.0,135828.0,15129.0,15129.0,8118.0,136899.0,1353.0,253134.0,15129.0,8118.0,136899.0,1353.0,253134.0,4356.0,73458.0,726.0,135828.0,1238769.0,12243.0,2290554.0,121.0,22638.0,4235364.0
39.99608397483826,0.2500244775536288,23.62731312881792,94.5,28.5,66.0,94.5,123.0,66.0,123.0,10.0,945.0,1599.6867333223136,10.0,945.0,3779.6299356222153,1139.8883932828903,2639.741542339325,3779.6299356222153,4919.518328905106,2639.741542339325,4919.518328905106,399.96083974838257,37796.29935622215,0.06251223937596502,5.907406621028695,23.62731312881792,7.12569761027842,16.5016155185395,23.62731312881792,30.75301073909634,16.5016155185395,30.75301073909634,2.500244775536288,236.2731312881792,558.2499256872117,2232.7810906732934,673.3784241713107,1559.4026665019828,2232.7810906732934,2906.1595148446045,1559.4026665019828,2906.1595148446045,236.2731312881792,22327.810906732935,8930.25,2693.25,6237.0,8930.25,11623.5,6237.0,11623.5,945.0,89302.5,812.25,1881.0,2693.25,3505.5,1881.0,3505.5,285.0,26932.5,4356.0,6237.0,8118.0,4356.0,8118.0,660.0,62370.0,8930.25,11623.5,6237.0,11623.5,945.0,89302.5,15129.0,8118.0,15129.0,1230.0,116235.0,4356.0,8118.0,660.0,62370.0,15129.0,1230.0,116235.0,100.0,9450.0,893025.0
39.99694299697876,0.27502101850211164,25.27693179142135,91.9090909090909,28.381987070722246,66.0,66.0,123.0,66.0,123.0,11.0,1011.0,1599.7554491035683,11.0,1011.0,3676.0826699950476,1135.1927190086658,2639.798237800598,2639.798237800598,4919.623988628387,2639.798237800598,4919.623988628387,439.96637296676636,40436.909369945526,0.07563656061793883,6.951687525885105,25.27693179142135,7.805642991303796,18.15138722113937,18.15138722113937,33.82758527575973,18.15138722113937,33.82758527575973,3.025231203523228,278.04624970563486,638.9232807881674,2323.179821920635,717.4095512916489,1668.2774982338092,1668.2774982338092,3109.062610344826,1668.2774982338092,3109.062610344826,278.04624970563486,25554.978041126986,8447.280991735537,2608.5626298636535,6066.0,6066.0,11304.818181818182,6066.0,11304.818181818182,1011.0,92920.09090909091,805.5371900826448,1873.2111466676683,1873.2111466676683,3490.9844096988363,1873.2111466676683,3490.9844096988363,312.2018577779447,28694.188928500193,4356.0,4356.0,8118.0,4356.0,8118.0,726.0,66726.0,4356.0,8118.0,4356.0,8118.0,726.0,66726.0,15129.0,8118.0,15129.0,1353.0,124353.0,4356.0,8118.0,726.0,66726.0,15129.0,1353.0,124353.0,121.0,11121.0,1022121.0
40.002357959747314,0.27498378998230144,25.273510152009706,91.9090909090909,28.381987070722246,66.0,66.0,123.0,66.0,123.0,11.0,1011.0,1600.1886423397593,11.0,1011.0,3676.580354300412,1135.3464064119514,2640.1556253433228,2640.1556253433228,4920.29002904892,2640.1556253433228,4920.29002904892,440.02593755722046,40442.383897304535,0.07561608475303047,6.949805607755801,25.273510152009706,7.804586371935881,18.148930138831894,18.148930138831894,33.823006167823074,18.148930138831894,33.823006167823074,3.0248216898053157,278.0086116721068,638.7503154037377,2322.865342152892,717.3124383661069,1668.0516700326407,1668.0516700326407,3108.6417486971936,1668.0516700326407,3108.6417486971936,278.0086116721068,25551.518763681812,8447.280991735537,2608.5626298636535,6066.0,6066.0,11304.818181818182,6066.0,11304.818181818182,1011.0,92920.09090909091,805.5371900826448,1873.2111466676683,1873.2111466676683,3490.9844096988363,1873.2111466676683,3490.9844096988363,312.2018577779447,28694.188928500193,4356.0,4356.0,8118.0,4356.0,8118.0,726.0,66726.0,4356.0,8118.0,4356.0,8118.0,726.0,66726.0,15129.0,8118.0,15129.0,1353.0,124353.0,4356.0,8118.0,726.0,66726.0,15129.0,1353.0,124353.0,121.0,11121.0,1022121.0
40.474043130874634,0.27177912432496565,50.847403441889035,187.0909090909091,294.0564121962298,66.0,123.0,123.0,66.0,1113.0,11.0,2058.0,1638.1481673599,10.999999999999998,2058.0,7572.32552394,11901.651910140456,2671.286846637726,4978.30730509758,4978.30730509758,2671.286846637726,45047.61000466347,445.214474439621,83295.58076334,0.07386389241884514,13.819262781634846,50.84740344188903,79.91839420883248,17.93742220544773,33.42883229197078,33.42883229197078,17.93742220544773,302.49016537368675,2.989570367574622,559.3214378607793,2585.458436782229,9513.08693485524,14952.005025616118,3355.9286271646765,6254.230623352351,6254.230623352351,3355.9286271646765,56593.160030822495,559.3214378607794,104643.95628340764,35003.00826446281,55015.28148180372,12348.0,23012.18181818182,23012.18181818182,12348.0,208232.18181818182,2058.0,385033.09090909094,86469.17355371901,19407.72320495117,36168.93870013627,36168.93870013627,19407.72320495117,327284.78677440376,3234.620534158528,605168.096299841,4356.0,8118.0,8118.0,4356.0,73458.0,726.0,135828.0,15129.0,15129.0,8118.0,136899.0,1353.0,253134.0,15129.0,8118.0,136899.0,1353.0,253134.0,4356.0,73458.0,726.0,135828.0,1238769.0,12243.0,2290554.0,121.0,22638.0,4235364.0
40.47319507598877,0.3212002406924481,30.810515395652526,95.92307692307692,27.711318261015908,66.0,121.0,121.0,66.0,123.0,13.0,1247.0,1638.0795196590416,12.999999999999998,1247.0,3882.3134045967686,1121.5655897909066,2671.230875015259,4897.256604194641,4897.256604194641,2671.230875015259,4978.202994346619,526.151535987854,50470.074259757996,0.10316959462088661,9.89634496094197,30.810515395652523,8.900882095343343,21.199215885701577,38.86522912378622,38.86522912378622,21.199215885701577,39.50762960517112,4.175603129001826,400.5367001434828,949.2878589457414,2955.439438336823,853.7999979148576,2033.4940161130667,3728.0723628739556,3728.0723628739556,2033.4940161130667,3789.693393665261,400.53670014348285,38420.7126983787,9201.236686390532,2658.1549131912952,6330.923076923077,11606.692307692307,11606.692307692307,6330.923076923077,11798.538461538461,1247.0,119616.07692307692,767.9171597633137,1828.9470052270499,3353.0695095829246,3353.0695095829246,1828.9470052270499,3408.4921461049566,360.2471373932068,34556.01387148684,4356.0,7986.0,7986.0,4356.0,8118.0,858.0,82302.0,14641.0,14641.0,7986.0,14883.0,1573.0,150887.0,14641.0,7986.0,14883.0,1573.0,150887.0,4356.0,8118.0,858.0,82302.0,15129.0,1599.0,153381.0,169.0,16211.0,1555009.0
40.31882309913635,0.27282542382135216,24.827113567743048,91.0,27.386127875258307,66.0,66.0,121.0,66.0,121.0,11.0,1001.0,1625.607496099451,10.999999999999998,1000.9999999999999,3669.012902021408,1104.1764451728666,2661.0423245429993,2661.0423245429993,4878.577594995499,2661.0423245429993,4878.577594995499,443.5070540904999,40359.14192223549,0.07443371188330043,6.773467781380339,24.827113567743048,7.471631944393094,18.006477972209243,18.006477972209243,33.01187628238361,18.006477972209243,33.01187628238361,3.001079662034874,273.0982492451735,616.3855681056109,2259.2673346646175,679.9185069397716,1638.5894954710411,1638.5894954710411,3004.0807416969087,1638.5894954710411,3004.0807416969087,273.0982492451735,24851.940681310793,8281.0,2492.137636648506,6006.0,6006.0,11011.0,6006.0,11011.0,1001.0,91091.0,750.0000000000001,1807.4844397670483,1807.4844397670483,3313.7214729062553,1807.4844397670483,3313.7214729062553,301.24740662784137,27413.514003133565,4356.0,4356.0,7986.0,4356.0,7986.0,726.0,66066.0,4356.0,7986.0,4356.0,7986.0,726.0,66066.0,14641.0,7986.0,14641.0,1331.0,121121.0,4356.0,7986.0,726.0,66066.0,14641.0,1331.0,121121.0,121.0,11011.0,1002001.0
40.28348207473755,0.148944423147638,42.79669758442132,287.3333333333333,367.4605043024655,123.0,123.0,123.0,123.0,1109.0,6.0,1724.0,1622.7589280657014,6.0,1723.9999999999998,11574.787182807922,14802.588638242389,4954.8682951927185,4954.8682951927185,4954.8682951927185,4954.8682951927185,44674.38162088394,241.7008924484253,69448.72309684753,0.022184441186782644,6.374329434335546,42.79669758442132,54.731192842870875,18.320164047159473,18.320164047159473,18.320164047159473,18.320164047159473,165.17936527073056,0.893666538885828,256.7801855065279,1831.5573241324134,12296.91777259039,15726.096076851563,5263.993802883822,5263.993802883822,5263.993802883822,5263.993802883822,47461.53762112324,256.7801855065279,73781.50663554235,82560.44444444444,105583.65156957507,35342.0,35342.0,35342.0,35342.0,318652.6666666666,1724.0,495362.6666666666,135027.22222222225,45197.642029203256,45197.642029203256,45197.642029203256,45197.642029203256,407513.6992714342,2204.763025814793,633501.9094174505,15129.0,15129.0,15129.0,15129.0,136407.0,738.0,212052.0,15129.0,15129.0,15129.0,136407.0,738.0,212052.0,15129.0,15129.0,136407.0,738.0,212052.0,15129.0,136407.0,738.0,212052.0,1229881.0,6654.0,1911916.0,36.0,10344.0,2972176.0
0.22682690620422363,26.451888360183776,2085.2905323944874,78.83333333333333,18.658480347790622,66.0,66.0,89.25,66.0,112.0,6.0,473.0,0.051450445378179666,6.0,472.99999999999994,17.881521105766296,4.232245371761653,14.97057580947876,14.97057580947876,20.24430137872696,14.97057580947876,25.404613494873047,1.3609614372253418,107.28912663459778,699.702397819626,55159.872361447175,2085.2905323944874,493.5520391304405,1745.8246317721294,1745.8246317721294,2360.831036146402,1745.8246317721294,2962.611496340583,158.71133016110267,12511.743194366927,4348436.604494085,164390.40363709876,38908.35241811639,137629.17513803617,137629.17513803617,186112.180016208,137629.17513803617,233552.5396281826,12511.743194366925,986342.4218225925,6214.694444444443,1470.9102007508272,5203.0,5203.0,7035.875,5203.0,8829.333333333332,473.0,37288.166666666664,348.13888888888886,1231.459702954181,1231.459702954181,1665.269371040313,1231.459702954181,2089.7497989525496,111.95088208674373,8825.461204504963,4356.0,4356.0,5890.5,4356.0,7392.0,396.0,31218.0,4356.0,5890.5,4356.0,7392.0,396.0,31218.0,7965.5625,5890.5,9996.0,535.5,42215.25,4356.0,7392.0,396.0,31218.0,12544.0,672.0,52976.0,36.0,2838.0,223729.0
39.37944507598877,0.3301214624765401,31.66626643909581,95.92307692307692,27.711318261015908,66.0,121.0,121.0,66.0,123.0,13.0,1247.0,1550.7406944928161,12.999999999999998,1247.0,3777.3975392121533,1091.2563354429205,2599.043375015259,4764.912854194641,4764.912854194641,2599.043375015259,4843.671744346619,511.932785987854,49106.168009757996,0.10898017998764968,10.453714188046089,31.666266439095807,9.148100911479425,21.78801652345165,39.94469695966136,39.94469695966136,21.78801652345165,40.60493988461443,4.2915790121950215,411.66146370824555,1002.7524301918056,3037.5257115040363,877.5139874319109,2089.9735849803237,3831.618239130593,3831.618239130593,2089.9735849803237,3894.9507720087845,411.66146370824555,39487.83424955248,9201.236686390532,2658.1549131912952,6330.923076923077,11606.692307692307,11606.692307692307,6330.923076923077,11798.538461538461,1247.0,119616.07692307692,767.9171597633137,1828.9470052270499,3353.0695095829246,3353.0695095829246,1828.9470052270499,3408.4921461049566,360.2471373932068,34556.01387148684,4356.0,7986.0,7986.0,4356.0,8118.0,858.0,82302.0,14641.0,14641.0,7986.0,14883.0,1573.0,150887.0,14641.0,7986.0,14883.0,1573.0,150887.0,4356.0,8118.0,858.0,82302.0,15129.0,1599.0,153381.0,169.0,16211.0,1555009.0
0.08054399490356445,62.07787440871928,4022.6462616850094,64.8,2.4,66.0,66.0,66.0,60.0,66.0,5.0,324.0,0.006487335115025417,5.0,324.0,5.219250869750977,0.1933055877685547,5.315903663635254,5.315903663635254,5.315903663635254,4.832639694213867,5.315903663635254,0.40271997451782227,26.096254348754883,3853.6624911047243,249717.32942358614,4022.6462616850094,148.98689858092627,4097.139710975473,4097.139710975473,4097.139710975473,3724.672464523157,4097.139710975473,310.3893720435964,20113.23130842505,16181682.946648382,260667.4777571886,9654.351028044022,265494.6532712106,265494.6532712106,265494.6532712106,241358.77570110056,265494.6532712106,20113.23130842505,1303337.3887859432,4199.04,155.51999999999998,4276.8,4276.8,4276.8,3888.0,4276.8,324.0,20995.2,5.76,158.4,158.4,158.4,144.0,158.4,12.0,777.6,4356.0,4356.0,4356.0,3960.0,4356.0,330.0,21384.0,4356.0,4356.0,3960.0,4356.0,330.0,21384.0,4356.0,3960.0,4356.0,330.0,21384.0,3600.0,3960.0,300.0,19440.0,4356.0,330.0,21384.0,25.0,1620.0,104976.0
39.34153413772583,0.27960272117227264,52.23487200082002,186.8181818181818,293.19767398984914,66.0,123.0,123.0,66.0,1110.0,11.0,2055.0,1547.7563083098469,11.0,2055.0,7349.713877547871,11534.846300373458,2596.541253089905,4839.008698940277,4839.008698940277,2596.541253089905,43669.10289287567,432.75687551498413,80846.85265302658,0.07817768168693964,14.605012351514631,52.234872000820026,81.97886748894268,18.453779597369994,34.39113470418953,34.39113470418953,18.453779597369994,310.35902050122263,3.075629932894999,574.5835920090203,2728.4818529420513,9758.423814698648,15315.142971797926,3447.501552054121,6424.889256100862,6424.889256100862,3447.501552054121,57980.70792091022,574.5835920090202,107342.66196168514,34901.03305785124,54774.656368103635,12330.0,22978.636363636364,22978.636363636364,12330.0,207368.18181818182,2055.0,383911.36363636365,85964.87603305785,19351.046483330043,36063.31390075144,36063.31390075144,19351.046483330043,325449.41812873253,3225.1744138883405,602521.2200491399,4356.0,8118.0,8118.0,4356.0,73260.0,726.0,135630.0,15129.0,15129.0,8118.0,136530.0,1353.0,252765.0,15129.0,8118.0,136530.0,1353.0,252765.0,4356.0,73260.0,726.0,135630.0,1232100.0,12210.0,2281050.0,121.0,22605.0,4223025.0
11.518397808074951,0.9549939308649742,401.27108622344645,420.1818181818182,540.1292468528112,75.0,77.0,704.0,75.0,1388.0,11.0,4622.0,132.67348806506584,11.0,4622.0,4839.8213335384025,6221.423533026595,863.8798356056213,886.9166312217712,8108.952056884766,863.8798356056213,15987.536157608032,126.70237588882446,53238.034668922424,0.9120134079889352,383.21145197498714,401.27108622344645,515.8201526271042,71.62454481487306,73.534532676603,672.3157273289419,71.62454481487306,1325.5315760405842,10.504933239514717,4413.981948457911,161018.4846389446,168606.81459316087,216738.2495856796,30095.331466758482,30897.873639205376,282494.8447013063,30095.331466758482,556964.2676781437,4413.981948457911,1854674.9605247695,176552.76033057852,226952.4889957903,31513.636363636364,32354.0,295808.0,31513.636363636364,583212.3636363636,4622.0,1942080.3636363638,291739.60330578504,40509.69351396084,41589.95200766646,380250.9897843791,40509.69351396084,749699.394631702,5941.421715380923,2496477.3789536934,5625.0,5775.0,52800.0,5625.0,104100.0,825.0,346650.0,5929.0,54208.0,5775.0,106876.0,847.0,355894.0,495616.0,52800.0,977152.0,7744.0,3253888.0,5625.0,104100.0,825.0,346650.0,1926544.0,15268.0,6415336.0,121.0,50842.0,21362884.0
11.545062065124512,1.0394054126612078,329.4048986958811,316.9166666666667,485.2163535189454,67.0,69.0,165.0,67.0,1392.0,12.0,3803.0,133.28845808757706,11.999999999999998,3803.0,3658.8225861390433,5601.852916389621,773.5191583633423,796.6092824935913,1904.9352407455444,773.5191583633423,16070.72639465332,138.54074478149414,43905.87103366852,1.0803636118694155,342.38523466161564,329.4048986958811,504.33650415932595,69.64016264830092,71.71897347362334,171.5018930890993,69.64016264830092,1446.8523344244013,12.472864951934493,3952.8587843505734,108507.5872848437,104393.90247836967,159832.64377649306,22070.128212624033,22728.938010015798,54351.808284820385,22070.128212624033,458531.61898466654,3952.8587843505734,1252726.8297404358,100436.17361111112,153773.14936937913,21233.416666666668,21867.25,52291.25,21233.416666666668,441148.0,3803.0,1205234.0833333335,235434.90972222222,32509.495685769343,33479.92839280723,80060.698330626,32509.495685769343,675421.164098372,5822.596242227345,1845277.7924325494,4489.0,4623.0,11055.0,4489.0,93264.0,804.0,254801.0,4761.0,11385.0,4623.0,96048.0,828.0,262407.0,27225.0,11055.0,229680.0,1980.0,627495.0,4489.0,93264.0,804.0,254801.0,1937664.0,16704.0,5293776.0,144.0,45636.0,14462809.0
0.01092219352722168,183.11340071161948,13550.391652659842,74.0,0.0,74.0,74.0,74.0,74.0,74.0,2.0,148.0,0.00011929431144608316,2.0,148.0,0.8082423210144043,0.0,0.8082423210144043,0.8082423210144043,0.8082423210144043,0.8082423210144043,0.8082423210144043,0.02184438705444336,1.6164846420288086,33530.51752017412,2481258.2964928853,13550.39165265984,0.0,13550.39165265984,13550.39165265984,13550.39165265984,13550.39165265984,13550.39165265984,366.22680142323895,27100.78330531968,183613113.94047353,1002728.9822968283,0.0,1002728.9822968283,1002728.9822968283,1002728.9822968283,1002728.9822968283,1002728.9822968283,27100.783305319685,2005457.9645936566,5476.0,0.0,5476.0,5476.0,5476.0,5476.0,5476.0,148.0,10952.0,0.0,0.0,0.0,0.0,0.0,0.0,0.0,0.0,5476.0,5476.0,5476.0,5476.0,5476.0,148.0,10952.0,5476.0,5476.0,5476.0,5476.0,148.0,10952.0,5476.0,5476.0,5476.0,148.0,10952.0,5476.0,5476.0,148.0,10952.0,5476.0,148.0,10952.0,4.0,296.0,21904.0
0.011542081832885742,173.2789655243643,16634.780690338972,96.0,6.0,93.0,96.0,99.0,90.0,102.0,2.0,192.0,0.0001332196530370311,2.0,192.0,1.1080398559570312,0.06925249099731445,1.073413610458374,1.1080398559570312,1.1426661014556885,1.0387873649597168,1.1772923469543457,0.023084163665771484,2.2160797119140625,30025.599893193834,2882457.589746608,16634.780690338972,1039.6737931461857,16114.94379376588,16634.780690338972,17154.617586912067,15595.106897192787,17674.45448348516,346.5579310487286,33269.561380677944,276715928.6156743,1596938.9462725413,99808.68414203383,1547034.6042015243,1596938.9462725413,1646843.2883435583,1497130.2621305075,1696747.630414575,33269.561380677944,3193877.8925450826,9216.0,576.0,8928.0,9216.0,9504.0,8640.0,9792.0,192.0,18432.0,36.0,558.0,576.0,594.0,540.0,612.0,12.0,1152.0,8649.0,8928.0,9207.0,8370.0,9486.0,186.0,17856.0,9216.0,9504.0,8640.0,9792.0,192.0,18432.0,9801.0,8910.0,10098.0,198.0,19008.0,8100.0,9180.0,180.0,17280.0,10404.0,204.0,19584.0,4.0,384.0,36864.0
15.861977100372314,0.1260876867583585,7.943524265776586,63.0,3.0,61.5,63.0,64.5,60.0,66.0,2.0,126.0,251.6023175327357,2.0,126.0,999.3045573234558,47.58593130111694,975.5115916728973,999.3045573234558,1023.0975229740143,951.7186260223389,1046.8904886245728,31.72395420074463,1998.6091146469116,0.01589810475207393,1.0015805993806577,7.943524265776585,0.3782630602750755,7.754392735639048,7.943524265776585,8.132655795914122,7.56526120550151,8.32178732605166,0.252175373516717,15.88704853155317,63.09957776098145,500.4420287439249,23.830572797329758,488.52674234526,500.4420287439249,512.3573151425898,476.61145594659513,524.2726015412546,15.887048531553171,1000.8840574878498,3969.0,189.0,3874.5,3969.0,4063.5,3780.0,4158.0,126.0,7938.0,9.0,184.5,189.0,193.5,180.0,198.0,6.0,378.0,3782.25,3874.5,3966.75,3690.0,4059.0,123.0,7749.0,3969.0,4063.5,3780.0,4158.0,126.0,7938.0,4160.25,3870.0,4257.0,129.0,8127.0,3600.0,3960.0,120.0,7560.0,4356.0,132.0,8316.0,4.0,252.0,15876.0
15.698992013931274,0.1273967142747255,8.408183142131882,66.0,0.0,66.0,66.0,66.0,66.0,66.0,2.0,132.0,246.45835025347793,1.9999999999999998,132.0,1036.133472919464,0.0,1036.133472919464,1036.133472919464,1036.133472919464,1036.133472919464,1036.133472919464,31.39798402786255,2072.266945838928,0.016229922807996046,1.071174905327739,8.408183142131882,0.0,8.408183142131882,8.408183142131882,8.408183142131882,8.408183142131882,8.408183142131882,0.254793428549451,16.816366284263765,70.69754375163077,554.9400873807042,0.0,554.9400873807042,554.9400873807042,554.9400873807042,554.9400873807042,554.9400873807042,16.816366284263765,1109.8801747614084,4356.0,0.0,4356.0,4356.0,4356.0,4356.0,4356.0,132.0,8712.0,0.0,0.0,0.0,0.0,0.0,0.0,0.0,0.0,4356.0,4356.0,4356.0,4356.0,4356.0,132.0,8712.0,4356.0,4356.0,4356.0,4356.0,132.0,8712.0,4356.0,4356.0,4356.0,132.0,8712.0,4356.0,4356.0,132.0,8712.0,4356.0,132.0,8712.0,4.0,264.0,17424.0
40.03275489807129,0.34971362914308196,33.097897043898826,94.64285714285714,27.099307167888846,66.0,99.5,121.0,66.0,123.0,14.0,1325.0,1602.6214647290508,14.0,1325.0,3788.8143028531754,1084.8599217596407,2642.161823272705,3983.2591123580933,4843.963342666626,2642.161823272705,4924.028852462769,560.458568572998,53043.40023994446,0.12229962240842507,11.574785692225943,33.097897043898826,9.476997056945542,23.08109952344341,34.79650609973665,42.31534912631292,23.08109952344341,43.01477638459908,4.895990808003147,463.3705586145836,1095.4707887285267,3132.47954165471,896.9300786037745,2184.4612048973227,3293.2407558679333,4004.845542311758,2184.4612048973227,4071.0413363995553,463.37055861458356,43854.71358316595,8957.270408163264,2564.7558569609087,6246.428571428572,9416.964285714284,11451.785714285714,6246.428571428572,11641.071428571428,1325.0,125401.78571428571,734.3724489795918,1788.5542730806637,2696.3810632049403,3279.0161673145503,1788.5542730806637,3333.214781650328,379.39030035044385,35906.58199745272,4356.0,6567.0,7986.0,4356.0,8118.0,924.0,87450.0,9900.25,12039.5,6567.0,12238.5,1393.0,131837.5,14641.0,7986.0,14883.0,1694.0,160325.0,4356.0,8118.0,924.0,87450.0,15129.0,1722.0,162975.0,196.0,18550.0,1755625.0
40.0356171131134,0.3247108684067701,31.14726560794172,95.92307692307692,27.711318261015908,66.0,121.0,121.0,66.0,123.0,13.0,1247.0,1602.8506376278187,13.0,1247.0,3840.3395800040316,1109.4397275976605,2642.3507294654846,4844.309670686722,4844.309670686722,2642.3507294654846,4924.380904912949,520.4630224704742,49924.414540052414,0.10543714806147877,10.11385566405108,31.147265607941716,8.998166217230862,21.430917314846827,39.29001507721918,39.29001507721918,21.430917314846827,39.939436814032724,4.221241289288011,404.9144529032423,970.152154851669,2987.7415548541017,863.1317902220682,2055.7195301241536,3768.819138560948,3768.819138560948,2055.7195301241536,3831.1136697768316,404.91445290324236,38840.640213103325,9201.236686390532,2658.1549131912952,6330.923076923077,11606.692307692307,11606.692307692307,6330.923076923077,11798.538461538461,1247.0,119616.07692307692,767.9171597633137,1828.9470052270499,3353.0695095829246,3353.0695095829246,1828.9470052270499,3408.4921461049566,360.2471373932068,34556.01387148684,4356.0,7986.0,7986.0,4356.0,8118.0,858.0,82302.0,14641.0,14641.0,7986.0,14883.0,1573.0,150887.0,14641.0,7986.0,14883.0,1573.0,150887.0,4356.0,8118.0,858.0,82302.0,15129.0,1599.0,153381.0,169.0,16211.0,1555009.0
39.996429204940796,0.3000267833538907,79.13206410958868,263.75,379.34771318672796,66.0,123.0,123.0,66.0,1110.0,12.0,3165.0,1599.714349145841,12.0,3165.0,10549.058202803135,15172.55395452915,2639.7643275260925,4919.560792207718,4919.560792207718,2639.7643275260925,44396.03641748428,479.95715045928955,126588.69843363762,0.09001607072968247,23.741738654953753,79.13206410958868,113.8144741600683,19.801767701356788,36.903294352528555,36.903294352528555,19.801767701356788,333.0297295228187,3.6003214002466883,949.5847693150641,6261.883570244054,20871.081908904016,30018.567559718016,5222.716231232853,9733.243885479407,9733.243885479407,5222.716231232853,87836.59116164343,949.5847693150642,250452.9829068482,69564.0625,100052.9593529995,17407.5,32441.25,32441.25,17407.5,292762.5,3165.0,834768.75,143904.68750000003,25036.949070324044,46659.768721967535,46659.768721967535,25036.949070324044,421075.961637268,4552.172558240735,1200635.512235994,4356.0,8118.0,8118.0,4356.0,73260.0,792.0,208890.0,15129.0,15129.0,8118.0,136530.0,1476.0,389295.0,15129.0,8118.0,136530.0,1476.0,389295.0,4356.0,73260.0,792.0,208890.0,1232100.0,13320.0,3513150.0,144.0,37980.0,10017225.0
39.99977993965149,0.2750015129232194,51.3502825040266,186.72727272727272,292.9114327540264,66.0,123.0,123.0,66.0,1109.0,11.0,2054.0,1599.9823952205456,11.0,2054.0,7469.049817822196,11716.392851969082,2639.9854760169983,4919.972932577133,4919.972932577133,2639.9854760169983,44359.7559530735,439.9975793361664,82159.54799604416,0.0756258321100596,14.121405377642038,51.3502825040266,80.5510871598651,18.15009985293248,33.825186089555984,33.825186089555984,18.15009985293248,304.9766778318503,3.025016642155413,564.8531075442926,2636.8515132433404,9588.498205751876,15041.084820578446,3389.1186452657557,6316.084747995272,6316.084747995272,3389.1186452657557,56947.4632969655,564.8531075442926,105473.48026327064,34867.074380165286,54694.552988797295,12324.0,22967.454545454544,22967.454545454544,12324.0,207080.54545454544,2054.0,383537.8181818182,85797.10743801654,19332.154561765743,36028.10622874525,36028.10622874525,19332.154561765743,324838.7789242153,3222.0257602942906,601640.0828767703,4356.0,8118.0,8118.0,4356.0,73194.0,726.0,135564.0,15129.0,15129.0,8118.0,136407.0,1353.0,252642.0,15129.0,8118.0,136407.0,1353.0,252642.0,4356.0,73194.0,726.0,135564.0,1229881.0,12199.0,2277886.0,121.0,22594.0,4218916.0
40.02454710006714,0.2498466747168571,23.360664086026137,93.5,27.5,66.0,93.5,121.0,66.0,121.0,10.0,935.0,1601.9643705654928,10.0,935.0,3742.2951538562775,1100.6750452518463,2641.620108604431,3742.2951538562775,4842.970199108124,2641.620108604431,4842.970199108124,400.2454710006714,37422.951538562775,0.062423360867070996,5.836584241071138,23.360664086026137,6.87078355471357,16.48988053131257,23.360664086026137,30.23144764073971,16.48988053131257,30.23144764073971,2.498466747168571,233.6066408602614,545.7206265401513,2184.222092043444,642.4182623657188,1541.8038296777252,2184.222092043444,2826.6403544091627,1541.8038296777252,2826.6403544091627,233.60664086026136,21842.22092043444,8742.25,2571.25,6171.0,8742.25,11313.5,6171.0,11313.5,935.0,87422.5,756.25,1815.0,2571.25,3327.5,1815.0,3327.5,275.0,25712.5,4356.0,6171.0,7986.0,4356.0,7986.0,660.0,61710.0,8742.25,11313.5,6171.0,11313.5,935.0,87422.5,14641.0,7986.0,14641.0,1210.0,113135.0,4356.0,7986.0,660.0,61710.0,14641.0,1210.0,113135.0,100.0,9350.0,874225.0
40.02453589439392,0.24984674466645498,23.36067062631354,93.5,27.5,66.0,93.5,121.0,66.0,121.0,10.0,935.0,1601.9634735616273,10.0,935.0,3742.2941061258316,1100.6747370958328,2641.619369029999,3742.2941061258316,4842.968843221664,2641.619369029999,4842.968843221664,400.2453589439392,37422.941061258316,0.06242339582042475,5.836587509209714,23.360670626313542,6.870785478327512,16.48988514798603,23.360670626313542,30.231456104641055,16.48988514798603,30.231456104641055,2.49846744666455,233.6067062631354,545.7209321111081,2184.222703560316,642.4184422236223,1541.8042613366936,2184.222703560316,2826.641145783938,1541.8042613366936,2826.641145783938,233.60670626313538,21842.22703560316,8742.25,2571.25,6171.0,8742.25,11313.5,6171.0,11313.5,935.0,87422.5,756.25,1815.0,2571.25,3327.5,1815.0,3327.5,275.0,25712.5,4356.0,6171.0,7986.0,4356.0,7986.0,660.0,61710.0,8742.25,11313.5,6171.0,11313.5,935.0,87422.5,14641.0,7986.0,14641.0,1210.0,113135.0,4356.0,7986.0,660.0,61710.0,14641.0,1210.0,113135.0,100.0,9350.0,874225.0
40.03020405769348,0.2997736404916901,29.502722451723834,98.41666666666667,27.405772911722245,66.0,121.0,121.0,66.0,123.0,12.0,1181.0,1602.4172369005796,12.0,1181.0,3939.639249344667,1097.05868201505,2641.99346780777,4843.654690980911,4843.654690980911,2641.99346780777,4923.715099096298,480.3624486923218,47275.670992136,0.08986423553364105,8.844138513769174,29.502722451723834,8.215528316235522,19.785060272451545,36.2726104994945,36.2726104994945,19.785060272451545,36.87215778047788,3.597283685900281,354.032669420686,870.4106320634496,2903.5596012904875,808.5449117895128,1947.179681813773,3569.829416658584,3569.829416658584,1947.179681813773,3628.8348615620316,354.03266942068603,34842.71521548585,9685.84027777778,2697.1848173953313,6495.5,11908.416666666668,11908.416666666668,6495.5,12105.25,1181.0,116230.08333333334,751.0763888888888,1808.7810121736682,3316.0985223183916,3316.0985223183916,1808.7810121736682,3370.9100681418363,328.86927494066697,32366.21780874397,4356.0,7986.0,7986.0,4356.0,8118.0,792.0,77946.0,14641.0,14641.0,7986.0,14883.0,1452.0,142901.0,14641.0,7986.0,14883.0,1452.0,142901.0,4356.0,8118.0,792.0,77946.0,15129.0,1476.0,145263.0,144.0,14172.0,1394761.0
39.99173903465271,0.12502582084933883,15.378175964468674,123.0,0.0,123.0,123.0,123.0,123.0,123.0,5.0,615.0,1599.3391910157652,5.0,615.0,4918.983901262283,0.0,4918.983901262283,4918.983901262283,4918.983901262283,4918.983901262283,4918.983901262283,199.95869517326355,24594.919506311417,0.01563145587905097,1.922669073123269,15.378175964468676,0.0,15.378175964468676,15.378175964468676,15.378175964468676,15.378175964468676,15.378175964468676,0.6251291042466942,76.89087982234338,236.48829599416206,1891.515643629647,0.0,1891.515643629647,1891.515643629647,1891.515643629647,1891.515643629647,1891.515643629647,76.89087982234338,9457.578218148235,15129.0,0.0,15129.0,15129.0,15129.0,15129.0,15129.0,615.0,75645.0,0.0,0.0,0.0,0.0,0.0,0.0,0.0,0.0,15129.0,15129.0,15129.0,15129.0,15129.0,615.0,75645.0,15129.0,15129.0,15129.0,15129.0,615.0,75645.0,15129.0,15129.0,15129.0,615.0,75645.0,15129.0,15129.0,615.0,75645.0,15129.0,615.0,75645.0,25.0,3075.0,378225.0
39.99701499938965,0.275020523410756,25.27688628802494,91.9090909090909,28.381987070722246,66.0,66.0,123.0,66.0,123.0,11.0,1011.0,1599.7612088614005,11.0,1011.0000000000001,3676.089287671176,1135.1947625801608,2639.802989959717,2639.802989959717,4919.632844924927,2639.802989959717,4919.632844924927,439.96716499328613,40436.982164382935,0.0756362882971262,6.95166249712678,25.276886288024937,7.805628939627342,18.151354545109896,18.151354545109896,33.82752437952299,18.151354545109896,33.82752437952299,3.025225757518316,278.0457491682743,638.9209804177432,2323.1756397448376,717.4082598148403,1668.274495009646,1668.274495009646,3109.0570134270674,1668.274495009646,3109.0570134270674,278.04574916827437,25554.932037193215,8447.280991735537,2608.5626298636535,6066.0,6066.0,11304.818181818182,6066.0,11304.818181818182,1011.0,92920.09090909091,805.5371900826448,1873.2111466676683,1873.2111466676683,3490.9844096988363,1873.2111466676683,3490.9844096988363,312.2018577779447,28694.188928500193,4356.0,4356.0,8118.0,4356.0,8118.0,726.0,66726.0,4356.0,8118.0,4356.0,8118.0,726.0,66726.0,15129.0,8118.0,15129.0,1353.0,124353.0,4356.0,8118.0,726.0,66726.0,15129.0,1353.0,124353.0,121.0,11121.0,1022121.0
39.990076780319214,0.1250310177564027,15.378815184037535,123.0,0.0,123.0,123.0,123.0,123.0,123.0,5.0,615.0,1599.2062408958259,4.999999999999999,615.0,4918.779443979263,0.0,4918.779443979263,4918.779443979263,4918.779443979263,4918.779443979263,4918.779443979263,199.95038390159607,24593.897219896317,0.01563275540120189,1.9228289143478328,15.378815184037533,0.0,15.378815184037533,15.378815184037533,15.378815184037533,15.378815184037533,15.378815184037533,0.6251550887820135,76.89407592018767,236.50795646478343,1891.5942676366167,0.0,1891.5942676366167,1891.5942676366167,1891.5942676366167,1891.5942676366167,1891.5942676366167,76.89407592018767,9457.971338183084,15129.0,0.0,15129.0,15129.0,15129.0,15129.0,15129.0,615.0,75645.0,0.0,0.0,0.0,0.0,0.0,0.0,0.0,0.0,15129.0,15129.0,15129.0,15129.0,15129.0,615.0,75645.0,15129.0,15129.0,15129.0,15129.0,615.0,75645.0,15129.0,15129.0,15129.0,615.0,75645.0,15129.0,15129.0,615.0,75645.0,15129.0,615.0,75645.0,25.0,3075.0,378225.0
31.046835899353027,0.12883760564094568,10.757940071018963,83.5,17.5,66.0,83.5,101.0,66.0,101.0,4.0,334.0,963.9060193613559,4.0,334.0,2592.410797595978,543.319628238678,2049.0911693573,2592.410797595978,3135.7304258346558,2049.0911693573,3135.7304258346558,124.18734359741211,10369.643190383911,0.016599128627291838,1.3860272403788683,10.757940071018965,2.254658098716549,8.503281972302414,10.757940071018965,13.012598169735513,8.503281972302414,13.012598169735513,0.5153504225637827,43.03176028407586,115.73327457163549,898.2879959300834,188.26395124283184,710.0240446872515,898.2879959300834,1086.5519471729153,710.0240446872515,1086.5519471729153,43.03176028407585,3593.1519837203336,6972.25,1461.25,5511.0,6972.25,8433.5,5511.0,8433.5,334.0,27889.0,306.25,1155.0,1461.25,1767.5,1155.0,1767.5,70.0,5845.0,4356.0,5511.0,6666.0,4356.0,6666.0,264.0,22044.0,6972.25,8433.5,5511.0,8433.5,334.0,27889.0,10201.0,6666.0,10201.0,404.0,33734.0,4356.0,6666.0,264.0,22044.0,10201.0,404.0,33734.0,16.0,1336.0,111556.0
31.02173113822937,0.1289418692392261,10.508762342996928,81.5,15.5,66.0,81.5,97.0,66.0,97.0,4.0,326.0,962.3478028125896,4.0,326.0,2528.2710877656937,480.83683264255524,2047.4342551231384,2528.2710877656937,3009.107920408249,2047.4342551231384,3009.107920408249,124.08692455291748,10113.084351062775,0.016626005642905683,1.355019459896813,10.508762342996928,1.9985989732080045,8.510163369788922,10.508762342996928,12.507361316204932,8.510163369788922,12.507361316204932,0.5157674769569044,42.03504937198771,110.43408598159027,856.4641309542496,162.88581631645238,693.5783146377972,856.4641309542496,1019.3499472707019,693.5783146377972,1019.3499472707019,42.03504937198771,3425.8565238169986,6642.25,1263.25,5379.0,6642.25,7905.5,5379.0,7905.5,326.0,26569.0,240.25,1023.0,1263.25,1503.5,1023.0,1503.5,62.0,5053.0,4356.0,5379.0,6402.0,4356.0,6402.0,264.0,21516.0,6642.25,7905.5,5379.0,7905.5,326.0,26569.0,9409.0,6402.0,9409.0,388.0,31622.0,4356.0,6402.0,264.0,21516.0,9409.0,388.0,31622.0,16.0,1304.0,106276.0
40.03652310371399,0.3247035204911201,31.1465607732636,95.92307692307692,27.711318261015908,66.0,121.0,121.0,66.0,123.0,13.0,1247.0,1602.923182234224,12.999999999999998,1247.0,3840.4264854101034,1109.4648337915348,2642.4105248451233,4844.419295549393,4844.419295549393,2642.4105248451233,4924.492341756821,520.4748003482819,49925.544310331345,0.10543237621932726,10.113397934269315,31.146560773263598,8.99796259680173,21.430432352413927,39.289125979425535,39.289125979425535,21.430432352413927,39.938533020407775,4.221145766384561,404.9052900524268,970.108248002603,2987.6739449430547,863.1122583239815,2055.673011035398,3768.733853564896,3768.733853564896,2055.673011035398,3831.026975111423,404.90529005242684,38839.76128425971,9201.236686390532,2658.1549131912952,6330.923076923077,11606.692307692307,11606.692307692307,6330.923076923077,11798.538461538461,1247.0,119616.07692307692,767.9171597633137,1828.9470052270499,3353.0695095829246,3353.0695095829246,1828.9470052270499,3408.4921461049566,360.2471373932068,34556.01387148684,4356.0,7986.0,7986.0,4356.0,8118.0,858.0,82302.0,14641.0,14641.0,7986.0,14883.0,1573.0,150887.0,14641.0,7986.0,14883.0,1573.0,150887.0,4356.0,8118.0,858.0,82302.0,15129.0,1599.0,153381.0,169.0,16211.0,1555009.0
40.036420822143555,0.3247043500154712,31.146640343791738,95.92307692307692,27.711318261015908,66.0,121.0,121.0,66.0,123.0,13.0,1247.0,1602.91499224777,13.0,1247.0,3840.416674247155,1109.4619994343843,2642.4037742614746,4844.40691947937,4844.40691947937,2642.4037742614746,4924.479761123657,520.4734706878662,49925.41676521301,0.10543291491896964,10.113449607996548,31.146640343791738,8.997985584015028,21.4304871010211,39.28922635187202,39.28922635187202,21.4304871010211,39.938635051902956,4.221156550201126,404.9063244692926,970.1132047055152,2987.681577592946,863.1144633282108,2055.6782626902545,3768.7434815988004,3768.7434815988004,2055.6782626902545,3831.0367622863837,404.9063244692926,38839.8605087083,9201.236686390532,2658.1549131912952,6330.923076923077,11606.692307692307,11606.692307692307,6330.923076923077,11798.538461538461,1247.0,119616.07692307692,767.9171597633137,1828.9470052270499,3353.0695095829246,3353.0695095829246,1828.9470052270499,3408.4921461049566,360.2471373932068,34556.01387148684,4356.0,7986.0,7986.0,4356.0,8118.0,858.0,82302.0,14641.0,14641.0,7986.0,14883.0,1573.0,150887.0,14641.0,7986.0,14883.0,1573.0,150887.0,4356.0,8118.0,858.0,82302.0,15129.0,1599.0,153381.0,169.0,16211.0,1555009.0
40.02992486953735,0.32475704219702295,31.15169473997597,95.92307692307692,27.711318261015908,66.0,121.0,121.0,66.0,123.0,13.0,1247.0,1602.394885060805,13.0,1247.0,3839.7935624856214,1109.2819880243053,2641.9750413894653,4843.62090921402,4843.62090921402,2641.9750413894653,4923.6807589530945,520.3890233039856,49917.31631231308,0.10546713645655895,10.116732243179154,31.15169473997597,8.999445753827876,21.433964785003514,39.29560210583978,39.29560210583978,21.433964785003514,39.945116190233826,4.221841548561298,404.97203161968764,970.4280851726464,2988.1664108269256,863.2545273094893,2056.011852838414,3769.3550635370925,3769.3550635370925,2056.011852838414,3831.6584530170444,404.9720316196876,38846.163340750034,9201.236686390532,2658.1549131912952,6330.923076923077,11606.692307692307,11606.692307692307,6330.923076923077,11798.538461538461,1247.0,119616.07692307692,767.9171597633137,1828.9470052270499,3353.0695095829246,3353.0695095829246,1828.9470052270499,3408.4921461049566,360.2471373932068,34556.01387148684,4356.0,7986.0,7986.0,4356.0,8118.0,858.0,82302.0,14641.0,14641.0,7986.0,14883.0,1573.0,150887.0,14641.0,7986.0,14883.0,1573.0,150887.0,4356.0,8118.0,858.0,82302.0,15129.0,1599.0,153381.0,169.0,16211.0,1555009.0
39.99573993682861,0.3000319538769238,53.005645184923196,176.66666666666666,282.4194083667449,66.0,94.5,123.0,66.0,1109.0,12.0,2120.0,1599.6592130944273,12.0,2120.0,7065.914055506388,11295.573210149329,2639.7188358306885,3779.597424030304,4919.476012229919,2639.7188358306885,44355.27558994293,479.94887924194336,84790.96866607666,0.09001917334720451,15.903387291339463,53.005645184923196,84.7348469050393,19.802108955876967,28.353019641369297,36.90393032686163,19.802108955876967,332.73543684950846,3.600383446523085,636.0677422190784,2809.5984214699715,9364.33064933643,14969.82295322361,3498.372582204931,5009.033469975242,6519.694357745553,3498.372582204931,58783.260510079825,636.0677422190784,112371.96779203718,31211.11111111111,49894.09547812493,11660.0,16695.0,21730.0,11660.0,195923.3333333333,2120.0,374533.3333333333,79760.72222222222,18639.680952205163,26688.634090657393,34737.587229109624,18639.680952205163,313203.1238787201,3389.032900400939,598729.1457374992,4356.0,6237.0,8118.0,4356.0,73194.0,792.0,139920.0,8930.25,11623.5,6237.0,104800.5,1134.0,200340.0,15129.0,8118.0,136407.0,1476.0,260760.0,4356.0,73194.0,792.0,139920.0,1229881.0,13308.0,2351080.0,144.0,25440.0,4494400.0
40.00196599960327,0.29998525572765633,53.09739026379516,177.0,283.5198405755759,66.0,94.5,123.0,66.0,1113.0,12.0,2124.0,1600.1572838334162,12.000000000000002,2124.0,7080.347981929779,11341.351022917128,2640.129755973816,3780.185786962509,4920.241817951202,2640.129755973816,44522.18815755844,480.02359199523926,84964.17578315735,0.08999115365398737,15.928434196755761,53.09739026379517,85.05177187892849,19.799026878025316,28.348606666263525,36.898186454501726,19.799026878025316,333.8835896248815,3.599823068731876,637.168683165542,2819.3328528257694,9398.238076691743,15054.163622570342,3504.427757410481,5017.703379928643,6530.979002446805,3504.427757410481,59097.39536360402,637.168683165542,112778.85692030092,31329.0,50183.011781876936,11682.0,16726.5,21771.0,11682.0,197001.0,2124.0,375948.0,80383.49999999999,18712.309477988012,26792.624934391926,34872.94039079584,18712.309477988012,315557.582560616,3402.238086906911,602196.1413825232,4356.0,6237.0,8118.0,4356.0,73458.0,792.0,140184.0,8930.25,11623.5,6237.0,105178.5,1134.0,200718.0,15129.0,8118.0,136899.0,1476.0,261252.0,4356.0,73458.0,792.0,140184.0,1238769.0,13356.0,2364012.0,144.0,25488.0,4511376.0
40.00122308731079,0.2749915915318456,51.548423794424146,187.45454545454547,295.2014300397622,66.0,123.0,123.0,66.0,1117.0,11.0,2062.0,1600.0978484808059,11.000000000000002,2062.0,7498.411091457714,11808.418258713698,2640.080723762512,4920.150439739227,4920.150439739227,2640.080723762512,44681.36618852615,440.0134539604187,82482.52200603485,0.07562037541321742,14.175383100186755,51.54842379442415,81.17791106911099,18.14944504110181,33.82396575841701,33.82396575841701,18.14944504110181,307.16560774107154,3.0249075068503015,567.0326617386656,2657.2399956895533,9662.986351282054,15217.168420409713,3402.195970431994,6340.45612671417,6340.45612671417,3402.195970431994,57579.58937837177,567.0326617386656,106292.8498641026,35139.206611570255,55336.84988563543,12372.0,23056.909090909092,23056.909090909092,12372.0,209386.7272727273,2062.0,386531.27272727276,87143.88429752062,19483.294382624306,36309.77589489075,36309.77589489075,19483.294382624306,329739.9973544144,3247.2157304373845,608705.3487419897,4356.0,8118.0,8118.0,4356.0,73722.0,726.0,136092.0,15129.0,15129.0,8118.0,137391.0,1353.0,253626.0,15129.0,8118.0,137391.0,1353.0,253626.0,4356.0,73722.0,726.0,136092.0,1247689.0,12287.0,2303254.0,121.0,22682.0,4251844.0
29.386518001556396,0.27223368211151444,25.4538492774266,93.5,27.5,66.0,93.5,121.0,66.0,121.0,8.0,748.0,863.5674402557981,8.0,748.0,2747.639433145523,808.1292450428009,1939.5101881027222,2747.639433145523,3555.768678188324,1939.5101881027222,3555.768678188324,235.09214401245117,21981.115465164185,0.0741111776759931,6.929395112705354,25.4538492774266,7.486426258066647,17.967423019359952,25.4538492774266,32.94027553549325,17.967423019359952,32.94027553549325,2.1778694568921155,203.6307942194128,647.8984430379506,2379.934907439387,699.9808551292315,1679.9540523101555,2379.934907439387,3079.9157625686184,1679.9540523101555,3079.9157625686184,203.6307942194128,19039.479259515098,8742.25,2571.25,6171.0,8742.25,11313.5,6171.0,11313.5,748.0,69938.0,756.25,1815.0,2571.25,3327.5,1815.0,3327.5,220.0,20570.0,4356.0,6171.0,7986.0,4356.0,7986.0,528.0,49368.0,8742.25,11313.5,6171.0,11313.5,748.0,69938.0,14641.0,7986.0,14641.0,968.0,90508.0,4356.0,7986.0,528.0,49368.0,14641.0,968.0,90508.0,64.0,5984.0,559504.0
29.386485815048218,0.3402924753554304,33.82507205032978,99.4,27.28076245268816,66.0,121.0,121.0,66.0,123.0,10.0,994.0,863.5655485580301,10.0,994.0,2921.016690015793,801.6857388396206,1939.5080637931824,3555.7647836208344,3555.7647836208344,1939.5080637931824,3614.537755250931,293.8648581504822,29210.16690015793,0.1157989687835262,11.510417497082504,33.82507205032978,9.283438184608736,22.459303373458404,41.17538951800708,41.17538951800708,22.459303373458404,41.85597446871794,3.402924753554304,338.2507205032978,1144.135499210001,3362.2121618027804,922.7737555501083,2232.4547553217653,4092.8337180899034,4092.8337180899034,2232.4547553217653,4160.483862190563,338.25072050329777,33622.1216180278,9880.36,2711.7077877972033,6560.400000000001,12027.400000000001,12027.400000000001,6560.400000000001,12226.2,994.0,98803.6,744.24,1800.5303218774184,3300.972256775267,3300.972256775267,1800.5303218774184,3355.5337816806436,272.80762452688157,27117.077877972028,4356.0,7986.0,7986.0,4356.0,8118.0,660.0,65604.0,14641.0,14641.0,7986.0,14883.0,1210.0,120274.0,14641.0,7986.0,14883.0,1210.0,120274.0,4356.0,8118.0,660.0,65604.0,15129.0,1230.0,122262.0,100.0,9940.0,988036.0
29.34859609603882,0.13629272033696632,16.764004601446857,123.0,0.0,123.0,123.0,123.0,123.0,123.0,4.0,492.0,861.340092808425,4.0,492.0,3609.8773198127747,0.0,3609.8773198127747,3609.8773198127747,3609.8773198127747,3609.8773198127747,3609.8773198127747,117.39438438415527,14439.509279251099,0.018575705616850513,2.284811790872613,16.764004601446857,0.0,16.764004601446857,16.764004601446857,16.764004601446857,16.764004601446857,16.764004601446857,0.5451708813478653,67.05601840578743,281.0318502773314,2061.9725659779633,0.0,2061.9725659779633,2061.9725659779633,2061.9725659779633,2061.9725659779633,2061.9725659779633,67.05601840578743,8247.890263911853,15129.0,0.0,15129.0,15129.0,15129.0,15129.0,15129.0,492.0,60516.0,0.0,0.0,0.0,0.0,0.0,0.0,0.0,0.0,15129.0,15129.0,15129.0,15129.0,15129.0,492.0,60516.0,15129.0,15129.0,15129.0,15129.0,492.0,60516.0,15129.0,15129.0,15129.0,492.0,60516.0,15129.0,15129.0,492.0,60516.0,15129.0,492.0,60516.0,16.0,1968.0,242064.0
29.349332809448242,0.30665092315497844,28.00745098148803,91.33333333333333,28.323527714997336,66.0,66.0,123.0,66.0,123.0,9.0,822.0,861.383336359755,9.0,822.0,2680.5723965962725,831.276641245088,1937.055965423584,1937.055965423584,3609.967935562134,1937.055965423584,3609.967935562134,264.1439952850342,24125.151569366455,0.0940347886718005,8.588510698691112,28.00745098148803,8.68543592080955,20.238960928228575,20.238960928228575,37.71806354806235,20.238960928228575,37.71806354806235,2.759858308394806,252.06705883339228,784.4173104804548,2558.01385630924,793.2698141006056,1848.49176477821,1848.49176477821,3444.916470723028,1848.49176477821,3444.916470723028,252.06705883339228,23022.12470678316,8341.777777777777,2586.8821979697564,6028.0,6028.0,11234.0,6028.0,11234.0,822.0,75076.0,802.2222222222223,1869.3528291898242,1869.3528291898242,3483.7939089446722,1869.3528291898242,3483.7939089446722,254.91174943497603,23281.93978172781,4356.0,4356.0,8118.0,4356.0,8118.0,594.0,54252.0,4356.0,8118.0,4356.0,8118.0,594.0,54252.0,15129.0,8118.0,15129.0,1107.0,101106.0,4356.0,8118.0,594.0,54252.0,15129.0,1107.0,101106.0,81.0,7398.0,675684.0
0.02064681053161621,193.7345234933429,14094.186584140694,72.75,13.808964479641476,60.0,69.0,81.75,60.0,93.0,4.0,291.0,0.0004262907851284581,4.0,291.0,1.5020554661750793,0.2851110732489758,1.2388086318969727,1.4246299266815186,1.6878767609596252,1.2388086318969727,1.9201533794403076,0.08258724212646484,6.008221864700317,37533.06559319263,2730530.5219047638,14094.186584140696,2675.273153399839,11624.071409600574,13367.68212104066,15837.797295580782,11624.071409600574,18017.31068488089,774.9380939733716,56376.746336562785,198646095.46857154,1025352.0739962355,194626.1219098383,845651.1950484416,972498.8743057079,1152199.7532535018,845651.1950484416,1310759.3523250846,56376.74633656278,4101408.295984942,5292.5625,1004.6021658939175,4365.0,5019.75,5947.3125,4365.0,6765.75,291.0,21170.25,190.6875,828.5378687784886,952.8185490952619,1128.8828462106908,828.5378687784886,1284.2336966066573,55.235857918565905,4018.40866357567,3600.0,4140.0,4905.0,3600.0,5580.0,240.0,17460.0,4761.0,5640.75,4140.0,6417.0,276.0,20079.0,6683.0625,4905.0,7602.75,327.0,23789.25,3600.0,5580.0,240.0,17460.0,8649.0,372.0,27063.0,16.0,1164.0,84681.0
0.00012087821960449219,24818.366863905325,1489102.0118343194,60.0,0.0,60.0,60.0,60.0,60.0,60.0,3.0,180.0,1.461154397475184e-08,3.0,180.0,0.007252693176269531,0.0,0.007252693176269531,0.007252693176269531,0.007252693176269531,0.007252693176269531,0.007252693176269531,0.00036263465881347656,0.021758079528808594,615951333.7913939,36957080027.48363,1489102.0118343194,0.0,1489102.0118343194,1489102.0118343194,1489102.0118343194,1489102.0118343194,1489102.0118343194,74455.10059171598,4467306.035502958,2217424801649.0176,89346120.71005917,0.0,89346120.71005917,89346120.71005917,89346120.71005917,89346120.71005917,89346120.71005917,4467306.035502958,268038362.1301775,3600.0,0.0,3600.0,3600.0,3600.0,3600.0,3600.0,180.0,10800.0,0.0,0.0,0.0,0.0,0.0,0.0,0.0,0.0,3600.0,3600.0,3600.0,3600.0,3600.0,180.0,10800.0,3600.0,3600.0,3600.0,3600.0,180.0,10800.0,3600.0,3600.0,3600.0,180.0,10800.0,3600.0,3600.0,180.0,10800.0,3600.0,180.0,10800.0,9.0,540.0,32400.0
0.12153196334838867,32.91315214363345,2805.8462202447513,85.25,19.967160539245434,66.0,81.5,100.75,66.0,112.0,4.0,341.0,0.014770018115314087,4.0,341.0,10.360599875450134,2.4266482228269686,8.021109580993652,9.904855012893677,12.244345307350159,8.021109580993652,13.611579895019531,0.4861278533935547,41.44239950180054,1083.275584029963,92349.24353855434,2805.8462202447513,657.182192704539,2172.2680414798074,2682.4218997061257,3316.0000784710696,2172.2680414798074,3686.273040086946,131.6526085745338,11223.384880979005,7872773.011661758,239198.39027586504,56024.78192806195,185185.8505361536,228676.46694994724,282689.0066896587,185185.8505361536,314254.77666741214,11223.384880979005,956793.5611034601,7267.5625,1702.2004359706732,5626.5,6947.875,8588.9375,5626.5,9548.0,341.0,29070.25,398.6875,1317.8325955901987,1627.3235839485028,2011.6914243289775,1317.8325955901987,2236.3219803954885,79.86864215698174,6808.801743882693,4356.0,5379.0,6649.5,4356.0,7392.0,264.0,22506.0,6642.25,8211.125,5379.0,9128.0,326.0,27791.5,10150.5625,6649.5,11284.0,403.0,34355.75,4356.0,7392.0,264.0,22506.0,12544.0,448.0,38192.0,16.0,1364.0,116281.0
0.017066001892089844,234.38412964515229,19629.670857781504,83.75,21.52179128232592,64.5,81.5,100.75,60.0,112.0,4.0,335.0,0.0002912484205808141,4.0,335.0,1.4292776584625244,0.36729093074533686,1.100757122039795,1.3908791542053223,1.7193996906280518,1.0239601135253906,1.9113922119140625,0.06826400756835938,5.717110633850098,54935.920229515556,4600883.319221928,19629.670857781504,5044.366318112587,15117.776362112323,19102.30656607991,23614.201061749092,14063.047778709137,26251.022520257055,937.5365185806091,78518.68343112602,385323977.98483646,1643984.934339201,422465.67914192914,1266113.770326907,1599818.1749091926,1977689.3389214866,1177780.2514668903,2198523.1360715283,78518.68343112602,6575939.737356804,7014.0625,1802.4500198947958,5401.875,6825.625,8437.8125,5025.0,9380.0,335.0,28056.25,463.1875,1388.155537710022,1754.0259895095626,2168.3204716943364,1291.3074769395553,2410.440623620503,86.08716512930368,7209.800079579183,4160.25,5256.75,6498.375,3870.0,7224.0,258.0,21607.5,6642.25,8211.125,4890.0,9128.0,326.0,27302.5,10150.5625,6045.0,11284.0,403.0,33751.25,3600.0,6720.0,240.0,20100.0,12544.0,448.0,37520.0,16.0,1340.0,112225.0
0.14626288414001465,82.04405424217282,7671.119071643158,93.5,54.962866252285885,66.0,66.0,83.25,60.0,237.0,12.0,1122.0,0.02139283127695535,12.0,1122.0,13.67557966709137,8.039027338661212,9.653350353240967,9.653350353240967,12.17638510465622,8.775773048400879,34.66430354118347,1.7551546096801758,164.10695600509644,6731.226836492596,629369.7092120576,7671.119071643158,4509.376380107833,5414.907579983406,5414.907579983406,6830.167515660887,4922.643254530369,19444.440855394958,984.5286509060738,92053.4288597179,58846067.81132739,717249.6331986353,421626.6915400824,506293.85872844845,506293.85872844845,638620.6627142929,460267.1442985895,1818055.2199794285,92053.4288597179,8606995.598383624,8742.25,5139.0279945887305,6171.0,6171.0,7783.875,5610.0,22159.5,1122.0,104907.0,3020.9166666666665,3627.5491726508685,3627.5491726508685,4575.6586155028,3297.7719751371533,13026.199301791754,659.5543950274306,61668.335935064766,4356.0,4356.0,5494.5,3960.0,15642.0,792.0,74052.0,4356.0,5494.5,3960.0,15642.0,792.0,74052.0,6930.5625,4995.0,19730.25,999.0,93406.5,3600.0,14220.0,720.0,67320.0,56169.0,2844.0,265914.0,144.0,13464.0,1258884.0
0.29004716873168945,62.05887159219627,22354.984633544478,360.22222222222223,517.4381933628569,66.0,66.0,223.75,66.0,1514.0,18.0,6484.0,0.08412736008926913,18.0,6484.0,104.48143566979303,150.08148297853708,19.143113136291504,19.143113136291504,64.89805400371552,19.143113136291504,439.13141345977783,5.22084903717041,1880.6658420562744,3851.303543296705,1387325.1208186576,22354.984633544478,32111.630398803558,4095.8855250849538,4095.8855250849538,13885.672518753916,4095.8855250849538,93957.13159058515,1117.0596886595329,402389.7234038006,499745337.96600974,8052762.242439022,11567322.861435682,1475428.9858139355,1475428.9858139355,5001927.811755577,1475428.9858139355,33845446.73518634,402389.7234038006,144949720.3639024,129760.04938271605,186392.73587582022,23774.666666666668,23774.666666666668,80599.72222222222,23774.666666666668,545376.4444444445,6484.0,2335680.888888889,267742.28395061725,34150.92076194855,34150.92076194855,115776.79576493922,34150.92076194855,783401.4247513653,9313.887480531423,3355069.245764764,4356.0,4356.0,14767.5,4356.0,99924.0,1188.0,427944.0,4356.0,14767.5,4356.0,99924.0,1188.0,427944.0,50064.0625,14767.5,338757.5,4027.5,1450795.0,4356.0,99924.0,1188.0,427944.0,2292196.0,27252.0,9816776.0,324.0,116712.0,42042256.0
0.1310288906097412,76.3190465359596,46821.73504981122,613.5,634.1692597406469,68.0,215.5,1358.0,66.0,1510.0,10.0,6135.0,0.01716857017441953,10.0,6135.0,80.38622438907623,83.09449456261778,8.909964561462402,28.23672592639923,177.93723344802856,8.64790678024292,197.85362482070923,1.310288906097412,803.8622438907623,5824.5968641579675,3573390.1761609134,46821.735049811214,48399.19324582148,5189.695164445253,16446.754528499296,103641.26519583314,5037.057071373333,115241.76026929899,763.190465359596,468217.35049811215,2192274873.0747204,28725134.453059185,29692905.056311484,3183877.983387163,10090083.903234318,63583916.19764364,3090234.5132875405,70700819.92521495,468217.3504981122,287251344.53059185,376382.25,389062.8408508869,41718.0,132209.25,833133.0,40491.0,926385.0,6135.0,3763822.5,402170.6500000001,43123.50966236399,136663.4754741094,861201.8547277985,41855.1711428827,957595.5822083768,6341.692597406469,3890628.408508869,4624.0,14654.0,92344.0,4488.0,102680.0,680.0,417180.0,46440.25,292649.0,14223.0,325405.0,2155.0,1322092.5,1844164.0,89628.0,2050580.0,13580.0,8331330.0,4356.0,99660.0,660.0,404910.0,2280100.0,15100.0,9263850.0,100.0,61350.0,37638225.0
0.2714691162109375,69.9895452757012,37197.60148389635,531.4736842105264,615.8286132410758,66.0,115.0,1206.0,66.0,1510.0,19.0,10098.0,0.07369548105634749,19.0,10098.0,144.27869134200247,167.17844937396208,17.916961669921875,31.218948364257812,327.3917541503906,17.916961669921875,409.9183654785156,5.1579132080078125,2741.295135498047,4898.536447899429,2603443.213204654,37197.60148389636,43101.56460850856,4619.30998819628,8048.797706705638,84407.39160249566,4619.30998819628,105684.21336630882,1329.8013602383228,706754.4281940308,1383661556.1547682,19769546.304441337,22907347.337722074,2455041.6979371593,4277724.17064808,44860307.389579,2455041.6979371593,56168378.240683496,706754.4281940307,375621379.7843854,282464.2770083103,327296.70192149386,35077.26315789474,61119.473684210534,640957.2631578948,35077.26315789474,802525.2631578948,10098.0,5366821.263157895,379244.88088642654,40644.688473911,70820.29052272372,742689.3075687374,40644.688473911,929901.2059940244,11700.74365158044,6218637.336508383,4356.0,7590.0,79596.0,4356.0,99660.0,1254.0,666468.0,13225.0,138690.0,7590.0,173650.0,2185.0,1161270.0,1454436.0,79596.0,1821060.0,22914.0,12178188.0,4356.0,99660.0,1254.0,666468.0,2280100.0,28690.0,15247980.0,361.0,191862.0,101969604.0
2.3520309925079346,4.676809121580013,1091.3971831905358,233.36363636363637,395.3645665659326,66.0,66.0,181.5,66.0,1466.0,11.0,2567.0,5.53204978971786,11.0,2567.0,548.8785052516243,929.9097139025398,155.23404550552368,155.23404550552368,426.8936251401901,155.23404550552368,3448.077435016632,25.87234091758728,6037.663557767868,21.872543559694016,5104.25630161223,1091.3971831905358,1849.0446112650818,308.6694020242809,308.6694020242809,848.8408555667723,308.6694020242809,6856.2021722363,51.44490033738015,12005.369015095894,1191147.811476236,254692.41538637324,431499.7742834059,72032.21409057536,72032.21409057536,198088.58874908224,72032.21409057536,1599988.2705573253,12005.369015095894,2801616.5692501054,54458.586776859505,92263.712943159,15402.0,15402.0,42355.5,15402.0,342111.09090909094,2567.0,599044.4545454546,156313.14049586773,26094.061393351552,26094.061393351552,71758.66883171677,26094.061393351552,579604.4545856572,4349.010232225259,1014900.842374749,4356.0,4356.0,11979.0,4356.0,96756.0,726.0,169422.0,4356.0,11979.0,4356.0,96756.0,726.0,169422.0,32942.25,11979.0,266079.0,1996.5,465910.5,4356.0,96756.0,726.0,169422.0,2149156.0,16126.0,3763222.0,121.0,28237.0,6589489.0
2.3385279178619385,4.703813846300815,2940.311273378582,625.0909090909091,612.8933548855053,70.0,353.0,1360.5,66.0,1466.0,11.0,6876.0,5.468712822619693,11.0,6876.0,1461.79254211079,1433.268221071819,163.6969542503357,825.5003550052643,3181.5672322511673,154.34284257888794,3428.281927585602,25.723807096481323,16079.717963218689,22.125864700651263,13830.676880152554,2940.311273378582,2882.936249016199,329.26696924105704,1660.4462877441874,6399.538737892258,310.45171385585377,6895.791098676994,51.74195230930896,32343.4240071644,8645430.384357179,1837961.8468864665,1802097.2407486713,205821.78913650074,1037929.8795026394,4000293.4874315606,194060.5440429864,4310496.326773001,32343.4240071644,20217580.315751128,390738.6446280992,383114.06438115775,43756.36363636364,220657.0909090909,850436.1818181819,41256.0,916383.2727272728,6876.0,4298125.090909091,375638.26446281,42902.534841985376,216351.3542745834,833841.40932173,40450.96142244335,898501.6582621508,6741.826903740559,4214254.708192735,4900.0,24710.0,95235.0,4620.0,102620.0,770.0,481320.0,124609.0,480256.5,23298.0,517498.0,3883.0,2427228.0,1850960.25,89793.0,1994493.0,14965.5,9354798.0,4356.0,96756.0,726.0,453816.0,2149156.0,16126.0,10080216.0,121.0,75636.0,47279376.0
20.534286975860596,0.14609711082379911,9.642409314370742,66.0,0.0,66.0,66.0,66.0,66.0,66.0,3.0,198.0,421.6569416069981,3.0000000000000004,198.00000000000003,1355.2629404067993,0.0,1355.2629404067993,1355.2629404067993,1355.2629404067993,1355.2629404067993,1355.2629404067993,61.60286092758179,4065.788821220398,0.02134436579106144,1.408728142210055,9.642409314370742,0.0,9.642409314370742,9.642409314370742,9.642409314370742,9.642409314370742,9.642409314370742,0.43829133247139734,28.927227943112225,92.97605738586364,636.399014748469,0.0,636.399014748469,636.399014748469,636.399014748469,636.399014748469,636.399014748469,28.927227943112225,1909.197044245407,4356.0,0.0,4356.0,4356.0,4356.0,4356.0,4356.0,198.0,13068.0,0.0,0.0,0.0,0.0,0.0,0.0,0.0,0.0,4356.0,4356.0,4356.0,4356.0,4356.0,198.0,13068.0,4356.0,4356.0,4356.0,4356.0,198.0,13068.0,4356.0,4356.0,4356.0,198.0,13068.0,4356.0,4356.0,198.0,13068.0,4356.0,198.0,13068.0,9.0,594.0,39204.0
20.534080982208252,0.14609857643979046,9.64250604502617,66.0,0.0,66.0,66.0,66.0,66.0,66.0,3.0,198.0,421.6484817838866,3.0,198.0,1355.2493448257446,0.0,1355.2493448257446,1355.2493448257446,1355.2493448257446,1355.2493448257446,1355.2493448257446,61.602242946624756,4065.748034477234,0.021344794037733296,1.4087564064903975,9.64250604502617,0.0,9.64250604502617,9.64250604502617,9.64250604502617,9.64250604502617,9.64250604502617,0.4382957293193714,28.92751813507851,92.97792282836623,636.4053989717272,0.0,636.4053989717272,636.4053989717272,636.4053989717272,636.4053989717272,636.4053989717272,28.92751813507851,1909.2161969151816,4356.0,0.0,4356.0,4356.0,4356.0,4356.0,4356.0,198.0,13068.0,0.0,0.0,0.0,0.0,0.0,0.0,0.0,0.0,4356.0,4356.0,4356.0,4356.0,4356.0,198.0,13068.0,4356.0,4356.0,4356.0,4356.0,198.0,13068.0,4356.0,4356.0,4356.0,198.0,13068.0,4356.0,4356.0,198.0,13068.0,4356.0,198.0,13068.0,9.0,594.0,39204.0
1.2351248264312744,178.1196485505519,18853.96479907592,105.85,103.13098577669432,60.0,60.0,162.25,60.0,1319.0,220.0,23287.0,1.5255333368668857,220.0,23287.0,130.7379628777504,127.3796409071258,74.10748958587646,74.10748958587646,200.39900308847427,74.10748958587646,1629.129646062851,271.72746181488037,28762.351833105087,31726.60919977212,3358261.583795879,18853.964799075915,18369.65494121676,10687.178913033113,10687.178913033113,28899.912977327043,10687.178913033113,234939.81643817795,39186.32268112141,4147872.2557967016,355471988.64479387,1995692.1739821858,1944427.9755277939,1131237.8879445551,1131237.8879445551,3059055.788650068,1131237.8879445551,24868379.569981135,4147872.255796702,439052278.2760809,11204.222499999998,10916.414844463094,6351.0,6351.0,17174.1625,6351.0,139616.15,23287.0,2464928.9499999997,10636.000227272725,6187.859146601659,6187.859146601659,16733.002442268655,6187.859146601659,136029.77023945982,22688.81687087275,2401611.2657818804,3600.0,3600.0,9735.0,3600.0,79140.0,13200.0,1397220.0,3600.0,9735.0,3600.0,79140.0,13200.0,1397220.0,26325.0625,9735.0,214007.75,35695.0,3778315.75,3600.0,79140.0,13200.0,1397220.0,1739761.0,290180.0,30715553.0,48400.0,5123140.0,542284369.0
1.218695878982544,1788.7973838231264,2476810.705653691,1384.6233944954129,369.5608488629858,1514.0,1514.0,1514.0,60.0,1514.0,2180.0,3018479.0,1.4852196454490354,2180.0,3018479.0,1687.4348248143808,450.3822835426115,1845.1055607795715,1845.1055607795715,1845.1055607795715,73.12175273895264,1845.1055607795715,2656.757016181946,3678607.9180953503,3199796.0803724616,4430512510.498434,2476810.705653691,661069.4796095628,2708239.239108213,2708239.239108213,2708239.239108213,107327.84302938759,2708239.239108213,3899578.2967344155,5399447338.325047,6134591271640.735,3429450046.784793,915332266.854309,3749891408.3596883,3749891408.3596883,3749891408.3596883,148608642.33922148,3749891408.3596883,5399447338.325047,7476201101990.849,1917181.9445839997,511702.5970252736,2096319.819266055,2096319.819266055,2096319.819266055,83077.40366972476,2096319.819266055,3018479.0,4179456639.1931195,136575.2210123306,559515.1251785605,559515.1251785605,559515.1251785605,22173.650931779146,559515.1251785605,805642.650521309,1115511661.5150964,2292196.0,2292196.0,2292196.0,90840.0,2292196.0,3300520.0,4569977206.0,2292196.0,2292196.0,90840.0,2292196.0,3300520.0,4569977206.0,2292196.0,90840.0,2292196.0,3300520.0,4569977206.0,3600.0,90840.0,130800.0,181108740.0,2292196.0,3300520.0,4569977206.0,4752400.0,6580284220.0,9111215473441.0
6.976886987686157,0.8599823976781749,160.53004756659263,186.66666666666666,166.46087294683463,66.0,72.0,335.25,66.0,423.0,6.0,1120.0,48.67695203894442,6.0,1120.0,1302.352237701416,1161.3786984216492,460.4745411872864,502.3358631134033,2339.001362621784,460.4745411872864,2951.2231957912445,41.86132192611694,7814.113426208496,0.7395697243163025,138.05301520570978,160.53004756659263,143.15342063642086,56.75883824675954,61.91873263282859,288.30909882160813,56.75883824675954,363.772554217868,5.159894386069049,963.1802853995558,25769.896171732493,29965.60887909729,26721.971852131894,10594.983139395114,11558.16342479467,53817.69844670018,10594.983139395114,67904.21012066868,963.1802853995557,179793.65327458375,34844.44444444444,31072.69628340913,12320.0,13440.0,62580.0,12320.0,78960.0,1120.0,209066.66666666666,27709.22222222222,10986.417614491085,11985.182852172093,55806.00765542631,10986.417614491085,70412.94925651104,998.7652376810078,186436.17770045478,4356.0,4752.0,22126.5,4356.0,27918.0,396.0,73920.0,5184.0,24138.0,4752.0,30456.0,432.0,80640.0,112392.5625,22126.5,141810.75,2011.5,375480.0,4356.0,27918.0,396.0,73920.0,178929.0,2538.0,473760.0,36.0,6720.0,1254400.0
6.960931062698364,0.7182947158884488,303.83866482081385,423.0,433.9778796206092,66.0,74.0,954.0,66.0,955.0,5.0,2115.0,48.45456125963898,5.0,2115.0,2944.473839521408,3020.89010277507,459.42145013809204,515.108898639679,6640.7282338142395,459.42145013809204,6647.689164876938,34.80465531349182,14722.36919760704,0.5159472988732674,218.2457074233921,303.83866482081385,311.72401774395695,47.40745124863762,53.153808975745214,685.2531589575802,47.40745124863762,685.9714536734687,3.591473579442244,1519.1933241040692,92317.93424009487,128523.75521920426,131859.25950569377,20053.351878173715,22484.061196740226,289862.0862390564,20053.351878173715,290165.9249038772,1519.1933241040692,642618.7760960213,178929.0,183572.6430795177,27918.0,31302.0,403542.0,27918.0,403965.0,2115.0,894645.0,188336.79999999996,28642.540054960205,32114.36309192508,414014.89715806115,28642.540054960205,414448.8750376818,2169.889398103046,917863.2153975884,4356.0,4884.0,62964.0,4356.0,63030.0,330.0,139590.0,5476.0,70596.0,4884.0,70670.0,370.0,156510.0,910116.0,62964.0,911070.0,4770.0,2017710.0,4356.0,63030.0,330.0,139590.0,912025.0,4775.0,2019825.0,25.0,10575.0,4473225.0
20.212390899658203,0.8410682380127269,107.06303923879652,127.29411764705883,136.22851247979162,66.0,66.0,97.0,66.0,583.0,17.0,2164.0,408.54074588058575,17.0,2164.0,2572.9184651094324,2753.503945920514,1334.0177993774414,1334.0177993774414,1960.6019172668457,1334.0177993774414,11783.823894500732,343.61064529418945,43739.61390686035,0.707395780993833,90.04732176886203,107.06303923879653,114.57747495847312,55.51050370883998,55.51050370883998,81.58361908723451,55.51050370883998,490.34278276141976,14.298160046216358,1820.071667059541,11462.494371048084,13628.49511251504,14585.03857706681,7066.1605897605705,7066.1605897605705,10385.114806163263,7066.1605897605705,62417.75187621837,1820.071667059541,231684.41691275567,16203.792387543253,17341.088294486417,8401.411764705883,8401.411764705883,12347.529411764706,8401.411764705883,74212.4705882353,2164.0,275464.4705882353,18558.20761245674,8991.081823666247,8991.081823666247,13214.165710539786,8991.081823666247,79421.22277571852,2315.8847121564577,294798.50100626907,4356.0,4356.0,6402.0,4356.0,38478.0,1122.0,142824.0,4356.0,6402.0,4356.0,38478.0,1122.0,142824.0,9409.0,6402.0,56551.0,1649.0,209908.0,4356.0,38478.0,1122.0,142824.0,339889.0,9911.0,1261612.0,289.0,36788.0,4682896.0
20.21680498123169,0.9398122016628586,356.7329262311861,379.57894736842104,504.3057046745684,66.0,74.0,359.0,66.0,1514.0,19.0,7212.0,408.71920364915445,19.0,7212.000000000001,7673.873553928575,10195.450082328372,1334.3091287612915,1496.043568611145,7257.8329882621765,1334.3091287612915,30608.242741584778,384.1192946434021,145803.59752464294,0.8832469743943896,335.26195680696515,356.7329262311861,473.9526546213455,62.027605309748665,69.54610292305154,337.39258039696625,62.027605309748665,1422.875673317568,17.856431831594314,6777.925598392536,127258.38065746488,135408.30863049024,179902.44974363915,23544.373131258286,26398.236541107774,128067.12051699583,23544.373131258286,540093.6503140158,6777.925598392537,2572757.8639793145,144080.17728531855,191423.82853226247,25052.21052631579,28088.842105263157,136268.84210526315,25052.21052631579,574682.5263157894,7212.0,2737523.3684210526,254324.243767313,33284.176508521516,37318.62214591806,181045.74797817005,33284.176508521516,763518.8368772966,9581.8083888168,3637052.742112987,4356.0,4884.0,23694.0,4356.0,99924.0,1254.0,475992.0,5476.0,26566.0,4884.0,112036.0,1406.0,533688.0,128881.0,23694.0,543526.0,6821.0,2589108.0,4356.0,99924.0,1254.0,475992.0,2292196.0,28766.0,10918968.0,361.0,137028.0,52012944.0
20.097361087799072,0.7463666465696517,101.80441059210048,136.4,144.65858656390455,66.0,66.0,121.5,66.0,583.0,15.0,2046.0,403.9039226933803,15.0,2046.0,2741.2800523757937,2907.255848625429,1326.4258317947388,1326.4258317947388,2441.8293721675873,1326.4258317947388,11716.76151418686,301.4604163169861,41119.2007856369,0.5570631711116274,75.98341653962596,101.8044105921005,107.9683441512071,49.26019867359701,49.26019867359701,90.68354755821268,49.26019867359701,435.13175495010694,11.195499698544776,1527.0661588815074,10364.138016004981,13886.121604762506,14726.88214222465,6719.0910990786315,6719.0910990786315,12369.235886940209,6719.0910990786315,59351.97137519458,1527.0661588815071,208291.8240714376,18604.960000000003,19731.431207316582,9002.4,9002.4,16572.600000000002,9002.4,79521.2,2046.0,279074.4,20926.106666666667,9547.4667132177,9547.4667132177,17576.018267514402,9547.4667132177,84335.95596675636,2169.8787984585683,295971.46810974873,4356.0,4356.0,8019.0,4356.0,38478.0,990.0,135036.0,4356.0,8019.0,4356.0,38478.0,990.0,135036.0,14762.25,8019.0,70834.5,1822.5,248589.0,4356.0,38478.0,990.0,135036.0,339889.0,8745.0,1192818.0,225.0,30690.0,4186116.0
20.10076594352722,0.795989568007097,313.7691378387975,394.1875,514.0341937495501,66.0,82.0,348.25,66.0,1514.0,16.0,6307.0,404.0407915164638,16.0,6307.0,7923.470675364137,10332.48101552943,1326.6505522727966,1648.2628073692322,7000.091739833355,1326.6505522727966,30432.559638500214,321.61225509643555,126775.53080582619,0.6335993923761248,249.7569604822637,313.7691378387975,409.1658558235808,52.5353114884684,65.27114457658195,277.20336705847154,52.5353114884684,1205.128205962745,12.735833088113552,5020.30620542076,98451.07186010231,123683.87202183099,161288.06579245775,20708.763097360636,25729.069302781398,109270.10225236123,20708.763097360636,475046.47468793945,5020.30620542076,1978941.9523492958,155383.78515625,202625.85374865078,26016.375,32323.375,137275.796875,26016.375,596799.875,6307.0,2486140.5625,264231.15234375006,33926.25678747031,42150.80388746311,179012.40797328085,33926.25678747031,778247.769336819,8224.547099992802,3242013.6599784126,4356.0,5412.0,22984.5,4356.0,99924.0,1056.0,416262.0,6724.0,28556.5,5412.0,124148.0,1312.0,517174.0,121278.0625,22984.5,527250.5,5572.0,2196412.75,4356.0,99924.0,1056.0,416262.0,2292196.0,24224.0,9548798.0,256.0,100912.0,39778249.0
18.123430967330933,0.9931894260224001,195.4376081650745,196.77777777777777,205.41680001498185,66.0,91.0,185.25,66.0,730.0,18.0,3542.0,328.4587500276098,18.0,3542.0,3566.2884714603424,3722.8571946015472,1196.1464438438416,1649.2322180271149,3357.3655866980553,1196.1464438438416,13230.10460615158,326.2217574119568,64193.19248628616,0.9864252359627046,194.10656587666108,195.4376081650745,204.01779370223798,65.5505021174784,90.38023776803841,183.98834117064962,65.5505021174784,725.0282809963521,17.877409668403203,3517.876946971341,38195.858685285195,38457.77822892743,40146.16807185149,12898.882138894916,17784.82234302178,36204.81691258005,12898.882138894916,142669.45396050438,3517.8769469713407,692240.0081206938,38721.49382716049,40421.46142517032,12987.333333333332,17906.777777777777,36453.083333333336,12987.333333333332,143647.77777777778,3542.0,696986.8888888889,42196.06172839505,13557.508800988802,18692.92880136335,38053.46220277539,13557.508800988802,149954.26401093675,3697.502400269673,727586.3056530657,4356.0,6006.0,12226.5,4356.0,48180.0,1188.0,233772.0,8281.0,16857.75,6006.0,66430.0,1638.0,322322.0,34317.5625,12226.5,135232.5,3334.5,656155.5,4356.0,48180.0,1188.0,233772.0,532900.0,13140.0,2585660.0,324.0,63756.0,12545764.0
18.169065952301025,1.100772051381491,448.8398039508029,407.75,542.6887574844351,66.0,108.0,370.25,66.0,1514.0,20.0,8155.0,330.11495757906437,20.0,8155.0,7408.436642050743,9860.147826306998,1199.1583528518677,1962.2591228485107,6727.096668839455,1199.1583528518677,27507.965851783752,363.3813190460205,148168.73284101486,1.2116991091026157,494.0703117365915,448.83980395080295,597.376616837814,72.6509553911784,118.88338154920102,407.56085202399703,72.6509553911784,1666.5688857915773,22.01544102762982,8976.796079016058,201457.16961059519,183014.43006093986,243580.31551561865,29623.42706075299,48474.69882668671,166182.93741278478,29623.42706075299,679543.4631815156,8976.796079016058,3660288.6012187977,166260.0625,221281.3408642784,26911.5,44037.0,150969.4375,26911.5,617333.5,8155.0,3325201.25,294511.0875,35817.45799397272,58610.38580831899,200930.5124586121,35817.45799397272,821630.7788314347,10853.775149688701,4425626.817285568,4356.0,7128.0,24436.5,4356.0,99924.0,1320.0,538230.0,11664.0,39987.0,7128.0,163512.0,2160.0,880740.0,137085.0625,24436.5,560558.5,7405.0,3019388.75,4356.0,99924.0,1320.0,538230.0,2292196.0,30280.0,12346670.0,400.0,163100.0,66504025.0
20.351074934005737,1.7689483291049952,172.7181493556683,97.63888888888889,107.09164112462481,66.0,66.0,66.0,66.0,583.0,36.0,3515.0,414.1662509695166,36.0,3515.0,1987.0563442508378,2179.43001333289,1343.1709456443787,1343.1709456443787,1343.1709456443787,1343.1709456443787,11864.676686525345,732.6386976242065,71534.02839303017,3.1291781910433545,305.52948170881643,172.7181493556683,189.43957962851687,116.75058972092968,116.75058972092968,116.75058972092968,116.75058972092968,1031.2968758682123,63.68213984777983,6217.853376804058,29831.559116846936,16864.008194032613,18496.670066506576,11399.397857474107,11399.397857474107,11399.397857474107,11399.397857474107,100694.68107435461,6217.853376804058,607104.2949851741,9533.352623456789,10456.308848696006,6444.166666666666,6444.166666666666,6444.166666666666,6444.166666666666,56923.47222222222,3515.0,343200.69444444444,11468.619598765434,7068.048314225238,7068.048314225238,7068.048314225238,7068.048314225238,62434.42677565627,3855.2990804864935,376427.1185530562,4356.0,4356.0,4356.0,4356.0,38478.0,2376.0,231990.0,4356.0,4356.0,4356.0,38478.0,2376.0,231990.0,4356.0,4356.0,38478.0,2376.0,231990.0,4356.0,38478.0,2376.0,231990.0,339889.0,20988.0,2049245.0,1296.0,126540.0,12355225.0
20.347540140151978,4.029971162862517,5216.060480478663,1294.3170731707316,499.75056895607577,1514.0,1514.0,1514.0,66.0,1514.0,82.0,106134.0,414.02238975509596,82.0,106134.0,26336.168600425488,10168.694761897541,30806.175772190094,30806.175772190094,30806.175772190094,1342.9376492500305,30806.175772190094,1668.4982914924622,2159565.82523489,16.24066757350347,21020.573320075815,5216.060480478663,2013.9803815171213,6101.376340573851,6101.376340573851,6101.376340573851,265.97809674892613,6101.376340573851,330.4576353547264,427716.9593992504,27207286.936011296,6751236.134574663,2606729.1928285137,7897115.567444695,7897115.567444695,7897115.567444695,344259.9917115917,7897115.567444695,427716.95939925034,553601363.0351224,1675256.685901249,646835.6937266359,1959596.0487804876,1959596.0487804876,1959596.0487804876,85424.92682926828,1959596.0487804876,106134.0,137371048.24390244,249750.63117192144,756622.3613994988,756622.3613994988,756622.3613994988,32983.537551101,756622.3613994988,40979.54665439821,53040526.885584146,2292196.0,2292196.0,2292196.0,99924.0,2292196.0,124148.0,160686876.0,2292196.0,2292196.0,99924.0,2292196.0,124148.0,160686876.0,2292196.0,99924.0,2292196.0,124148.0,160686876.0,4356.0,99924.0,5412.0,7004844.0,2292196.0,124148.0,160686876.0,6724.0,8702988.0,11264425956.0
2.558745861053467,0.7816329204247645,76.60002620162692,98.0,0.0,98.0,98.0,98.0,98.0,98.0,2.0,196.0,6.547180381458247,2.0,195.99999999999997,250.75709438323975,0.0,250.75709438323975,250.75709438323975,250.75709438323975,250.75709438323975,250.75709438323975,5.117491722106934,501.5141887664795,0.6109500222917462,59.873102184591126,76.60002620162692,0.0,76.60002620162692,76.60002620162692,76.60002620162692,76.60002620162692,76.60002620162692,1.563265840849529,153.20005240325384,5867.56401408993,7506.802567759438,0.0,7506.802567759438,7506.802567759438,7506.802567759438,7506.802567759438,7506.802567759438,153.20005240325384,15013.605135518876,9604.0,0.0,9604.0,9604.0,9604.0,9604.0,9604.0,196.0,19208.0,0.0,0.0,0.0,0.0,0.0,0.0,0.0,0.0,9604.0,9604.0,9604.0,9604.0,9604.0,196.0,19208.0,9604.0,9604.0,9604.0,9604.0,196.0,19208.0,9604.0,9604.0,9604.0,196.0,19208.0,9604.0,9604.0,196.0,19208.0,9604.0,196.0,19208.0,4.0,392.0,38416.0
2.586867094039917,0.7731359699955033,122.92861922928502,159.0,3.0,157.5,159.0,160.5,156.0,162.0,2.0,318.0,6.691881362226525,2.0,318.0,411.3118679523468,7.760601282119751,407.4315673112869,411.3118679523468,415.1921685934067,403.55126667022705,419.07246923446655,5.173734188079834,822.6237359046936,0.5977392281008878,95.04053726804115,122.92861922928502,2.3194079099865097,121.76891527429177,122.92861922928502,124.08832318427828,120.60921131929851,125.24802713927153,1.5462719399910065,245.85723845857004,15111.445425618542,19545.65045745632,368.78585768785507,19361.25752861239,19545.65045745632,19730.043386300247,19176.86459976846,19914.436315144172,245.85723845857004,39091.30091491264,25281.0,477.0,25042.5,25281.0,25519.5,24804.0,25758.0,318.0,50562.0,9.0,472.5,477.0,481.5,468.0,486.0,6.0,954.0,24806.25,25042.5,25278.75,24570.0,25515.0,315.0,50085.0,25281.0,25519.5,24804.0,25758.0,318.0,50562.0,25760.25,25038.0,26001.0,321.0,51039.0,24336.0,25272.0,312.0,49608.0,26244.0,324.0,51516.0,4.0,636.0,101124.0
0.1954348087310791,51.167957565635774,7158.3972634324455,139.9,154.70517121285894,66.0,66.0,116.0,66.0,583.0,10.0,1399.0,0.03819476446375347,10.0,1399.0,27.341329741477967,30.23477554569393,12.89869737625122,12.89869737625122,22.670437812805176,12.89869737625122,113.93849349021912,1.954348087310791,273.41329741477966,2618.1598814387035,366280.5674132746,7158.3972634324455,7915.947635803984,3377.085199331961,3377.085199331961,5935.48307761375,3377.085199331961,29830.919260765655,511.67957565635777,71583.97263432445,51242651.38111712,1001459.7771541992,1107441.0742489775,472454.2193865414,472454.2193865414,830374.0825581637,472454.2193865414,4173345.604581116,71583.97263432445,10014597.77154199,19572.010000000002,21643.253452678968,9233.4,9233.4,16228.400000000001,9233.4,81561.7,1399.0,195720.1,23933.69,10210.54130004869,10210.54130004869,17945.799860691637,10210.54130004869,90193.11481709676,1547.0517121285893,216432.53452678965,4356.0,4356.0,7656.0,4356.0,38478.0,660.0,92334.0,4356.0,7656.0,4356.0,38478.0,660.0,92334.0,13456.0,7656.0,67628.0,1160.0,162284.0,4356.0,38478.0,660.0,92334.0,339889.0,5830.0,815617.0,100.0,13990.0,1957201.0
0.1663219928741455,66.13677367564739,43986.96692827603,665.0909090909091,648.4944037812023,70.0,284.0,1490.0,66.0,1490.0,11.0,7316.0,0.02766300531362731,11.0,7316.0,110.61924544247715,107.85888160462038,11.642539501190186,47.235445976257324,247.8197693824768,10.977251529693604,247.8197693824768,1.8295419216156006,1216.8116998672485,4374.072832223806,2909156.0764135784,43986.96692827603,42889.32761280127,4629.5741572953175,18782.84372388386,98543.79277671462,4365.027062592728,98543.79277671462,727.5045104321213,483856.6362110363,1934853259.5492492,29255331.82247886,28525301.89229583,3079087.684979322,12492298.607630393,65540580.723131284,2903139.817266218,65540580.723131284,483856.63621103636,321808650.04726744,442345.91735537193,431307.73255120695,46556.36363636364,188885.81818181818,990985.4545454546,43896.0,990985.4545454546,7316.0,4865805.090909091,420544.99173553707,45394.60826468416,184172.41067386145,966256.6616339914,42800.63064955935,966256.6616339914,7133.438441593225,4744385.058063276,4900.0,19880.0,104300.0,4620.0,104300.0,770.0,512120.0,80656.0,423160.0,18744.0,423160.0,3124.0,2077744.0,2220100.0,98340.0,2220100.0,16390.0,10900840.0,4356.0,98340.0,726.0,482856.0,2220100.0,16390.0,10900840.0,121.0,80476.0,53523856.0
27.207287073135376,0.55132288491972,45.0247022684438,81.66666666666667,39.942736789336585,66.0,66.0,66.0,66.0,184.0,15.0,1225.0,740.2364698799993,15.000000000000002,1225.0,2221.928444306056,1086.733506314166,1795.6809468269348,1795.6809468269348,1795.6809468269348,1795.6809468269348,5006.140821456909,408.10930609703064,33328.926664590836,0.30395692343620284,24.823148747289896,45.024702268443804,22.021344878286083,36.38731040470152,36.38731040470152,36.38731040470152,36.38731040470152,101.44341082522848,8.2698432737958,675.3705340266571,2027.223814362008,3677.01735192291,1798.4098317266964,2971.6303497172908,2971.6303497172908,2971.6303497172908,2971.6303497172908,8284.54521739366,675.370534026657,55155.26027884365,6669.444444444445,3261.9901711291545,5390.0,5390.0,5390.0,5390.0,15026.666666666668,1225.0,100041.66666666667,1595.4222222222222,2636.2206280962146,2636.2206280962146,2636.2206280962146,2636.2206280962146,7349.463569237932,599.1410518400488,48929.85256693732,4356.0,4356.0,4356.0,4356.0,12144.0,990.0,80850.0,4356.0,4356.0,4356.0,12144.0,990.0,80850.0,4356.0,4356.0,12144.0,990.0,80850.0,4356.0,12144.0,990.0,80850.0,33856.0,2760.0,225400.0,225.0,18375.0,1500625.0
27.1751229763031,1.6927246305421442,2206.687346080886,1303.6304347826087,434.36337015751405,1494.0,1494.0,1494.0,66.0,1494.0,46.0,59967.0,738.4873087771966,46.0,59967.0,35426.31738086887,11803.878000431909,40599.63372659683,40599.63372659683,40599.63372659683,1793.5581164360046,40599.63372659683,1250.0556569099426,1629610.599519968,2.8653166748440384,3735.3140226167925,2206.687346080886,735.2575752709186,2528.930598029963,2528.930598029963,2528.930598029963,111.71982561578152,2528.930598029963,77.86533300493863,101507.61791972075,4869469.0433535045,2876704.7844007066,958504.1525276343,3296790.8950448437,3296790.8950448437,3296790.8950448437,145641.36484133848,3296790.8950448437,101507.61791972075,132328420.0824325,1699452.3104914934,566249.3090920793,1947623.8695652175,1947623.8695652175,1947623.8695652175,86039.60869565218,1947623.8695652175,59967.0,78174806.2826087,188671.53733459357,648938.875015326,648938.875015326,648938.875015326,28667.98243039593,648938.875015326,19980.715027245646,26047468.218235645,2232036.0,2232036.0,2232036.0,98604.0,2232036.0,68724.0,89590698.0,2232036.0,2232036.0,98604.0,2232036.0,68724.0,89590698.0,2232036.0,98604.0,2232036.0,68724.0,89590698.0,4356.0,98604.0,3036.0,3957822.0,2232036.0,68724.0,89590698.0,2116.0,2758482.0,3596041089.0
19.08432102203369,0.2095961389132903,21.79799844698219,104.0,38.0,66.0,104.0,142.0,66.0,142.0,4.0,416.0,364.2113088720371,3.9999999999999996,416.0,1984.769386291504,725.2041988372803,1259.5651874542236,1984.769386291504,2709.973585128784,1259.5651874542236,2709.973585128784,76.33728408813477,7939.077545166016,0.04393054144735928,4.568776310525365,21.79799844698219,7.964653278705031,13.833345168277159,21.79799844698219,29.76265172568722,13.833345168277159,29.76265172568722,0.8383845556531612,87.19199378792877,475.15273629463803,2266.991838486148,828.3239409853232,1438.6678975008247,2266.991838486148,3095.315779471471,1438.6678975008247,3095.315779471471,87.19199378792877,9067.967353944592,10816.0,3952.0,6864.0,10816.0,14768.0,6864.0,14768.0,416.0,43264.0,1444.0,2508.0,3952.0,5396.0,2508.0,5396.0,152.0,15808.0,4356.0,6864.0,9372.0,4356.0,9372.0,264.0,27456.0,10816.0,14768.0,6864.0,14768.0,416.0,43264.0,20164.0,9372.0,20164.0,568.0,59072.0,4356.0,9372.0,264.0,27456.0,20164.0,568.0,59072.0,16.0,1664.0,173056.0
19.064234972000122,0.10490848454907448,14.582279352321352,139.0,0.0,139.0,139.0,139.0,139.0,139.0,2.0,278.0,363.4450550676325,2.0,278.0,2649.928661108017,0.0,2649.928661108017,2649.928661108017,2649.928661108017,2649.928661108017,2649.928661108017,38.128469944000244,5299.857322216034,0.011005790130383398,1.5298048281232923,14.582279352321352,0.0,14.582279352321352,14.582279352321352,14.582279352321352,14.582279352321352,14.582279352321352,0.20981696909814895,29.164558704642705,212.64287110913764,2026.936829972668,0.0,2026.936829972668,2026.936829972668,2026.936829972668,2026.936829972668,2026.936829972668,29.164558704642705,4053.873659945336,19321.0,0.0,19321.0,19321.0,19321.0,19321.0,19321.0,278.0,38642.0,0.0,0.0,0.0,0.0,0.0,0.0,0.0,0.0,19321.0,19321.0,19321.0,19321.0,19321.0,278.0,38642.0,19321.0,19321.0,19321.0,19321.0,278.0,38642.0,19321.0,19321.0,19321.0,278.0,38642.0,19321.0,19321.0,278.0,38642.0,19321.0,278.0,38642.0,4.0,556.0,77284.0
15.153475999832153,0.19797437894996694,32.53378960744457,164.33333333333334,139.06433363335435,66.0,66.0,213.5,66.0,361.0,3.0,493.0,229.62783487748908,3.0,493.0,2490.221222639084,2107.3080421456866,1000.1294159889221,1000.1294159889221,3235.2671259641647,1000.1294159889221,5470.404835939407,45.46042799949646,7470.663667917252,0.039193854720625115,6.440856792422728,32.53378960744457,27.531175085154327,13.066309010697818,13.066309010697818,42.267529905817945,13.066309010697818,71.46875080093807,0.5939231368499008,97.6013688223337,1058.4474662214682,5346.386092156725,4524.289772327028,2147.2301140913414,2147.2301140913414,6945.964081189415,2147.2301140913414,11744.69804828749,97.60136882233371,16039.158276470172,27005.44444444445,22852.9054937479,10846.0,10846.0,35085.16666666667,10846.0,59324.333333333336,493.0,81016.33333333334,19338.88888888889,9178.246019801387,9178.246019801387,29690.235230721155,9178.246019801387,50202.22444164092,417.19300090006305,68558.7164812437,4356.0,4356.0,14091.0,4356.0,23826.0,198.0,32538.0,4356.0,14091.0,4356.0,23826.0,198.0,32538.0,45582.25,14091.0,77073.5,640.5,105255.5,4356.0,23826.0,198.0,32538.0,130321.0,1083.0,177973.0,9.0,1479.0,243049.0
15.132874011993408,0.13216260165880717,17.11505691481553,129.5,63.5,97.75,129.5,161.25,66.0,193.0,2.0,259.0,229.00387586286547,1.9999999999999998,259.0,1959.7071845531464,960.9374997615814,1479.2384346723557,1959.7071845531464,2440.175934433937,998.7696847915649,2920.644684314728,30.265748023986816,3919.4143691062927,0.01746695327722454,2.261970449400578,17.11505691481553,8.392325205334256,12.918894312148401,17.11505691481553,21.311219517482655,8.722731709481273,25.50738212014978,0.26432520331761433,34.23011382963106,292.9251731973749,2216.399870468611,1086.8061140907862,1672.9968134232179,2216.399870468611,2759.8029275140043,1129.593756377825,3303.205984559397,34.23011382963106,4432.799740937222,16770.25,8223.25,12658.625,16770.25,20881.875,8547.0,24993.5,259.0,33540.5,4032.25,6207.125,8223.25,10239.375,4191.0,12255.5,127.0,16446.5,9555.0625,12658.625,15762.1875,6451.5,18865.75,195.5,25317.25,16770.25,20881.875,8547.0,24993.5,259.0,33540.5,26001.5625,10642.5,31121.25,322.5,41763.75,4356.0,12738.0,132.0,17094.0,37249.0,386.0,49987.0,4.0,518.0,67081.0
8.444584131240845,15.276063095015287,1820.1014710882555,119.14728682170542,157.56618399136252,66.0,66.0,66.0,66.0,1398.0,129.0,15370.0,71.31100114960469,129.0,15370.0,1006.149287574975,1330.5808969536351,557.3425526618958,557.3425526618958,557.3425526618958,557.3425526618958,11805.528615474701,1089.351352930069,129793.25809717178,233.35810368288801,27803.98491167433,1820.1014710882555,2406.9909682928414,1008.2201642710089,1008.2201642710089,1008.2201642710089,1008.2201642710089,21355.93620683137,1970.6121392569721,234793.08977038495,3312769.365057632,216860.15202036034,286786.44327644166,120126.69709182487,120126.69709182487,120126.69709182487,120126.69709182487,2544501.856581381,234793.08977038495,27974959.610626485,14196.075956973738,18773.583317420478,7863.720930232558,7863.720930232558,7863.720930232558,7863.720930232558,166567.90697674418,15370.0,1831293.7984496122,24827.102337599907,10399.368143429927,10399.368143429927,10399.368143429927,10399.368143429927,220277.5252199248,20326.037734885766,2421792.247947242,4356.0,4356.0,4356.0,4356.0,92268.0,8514.0,1014420.0,4356.0,4356.0,4356.0,92268.0,8514.0,1014420.0,4356.0,4356.0,92268.0,8514.0,1014420.0,4356.0,92268.0,8514.0,1014420.0,1954404.0,180342.0,21487260.0,16641.0,1982730.0,236236900.0
8.448042869567871,104.28450868468005,149155.49310706262,1430.2746878547105,310.80174512637035,1510.0,1510.0,1510.0,66.0,1510.0,881.0,1260072.0,71.36942832605655,881.0,1260072.0,12083.0218782544,2625.666466764084,12756.544733047485,12756.544733047485,12756.544733047485,557.5708293914795,12756.544733047485,7442.725768089294,10645142.274742126,10875.258751605108,15554607.316291207,149155.4931070626,32411.807288844684,157469.60811386688,157469.60811386688,157469.60811386688,6882.777573188883,157469.60811386688,91874.65215120312,131405989.42732216,22247361124.011005,213333326.3455194,46357787.552859366,225224794.59166455,225224794.59166455,225224794.59166455,9844262.545066133,225224794.59166455,131405989.42732216,187946660510.40262,2045685.6827178895,444531.86899531865,2159714.7786606126,2159714.7786606126,2159714.7786606126,94398.12939841089,2159714.7786606126,1260072.0,1802249086.4744608,96597.72477359728,469310.63514081924,469310.63514081924,469310.63514081924,20512.91517834044,469310.63514081924,273816.3374563323,391632576.58487576,2280100.0,2280100.0,2280100.0,99660.0,2280100.0,1330310.0,1902708720.0,2280100.0,2280100.0,99660.0,2280100.0,1330310.0,1902708720.0,2280100.0,99660.0,2280100.0,1330310.0,1902708720.0,4356.0,99660.0,58146.0,83164752.0,2280100.0,1330310.0,1902708720.0,776161.0,1110123432.0,1587781445184.0
1.7368199825286865,103.06191879447904,12944.346694622782,125.59776536312849,134.36997700849466,66.0,66.0,180.5,66.0,1121.0,179.0,22482.0,3.016543651710947,179.0,22482.0,218.1407086436309,233.3764611202737,114.63011884689331,114.63011884689331,313.4960068464279,114.63011884689331,1946.9752004146576,310.8907768726349,39047.18684720993,10621.759105599793,1334069.2078887962,12944.34669462278,13848.427658865492,6802.086640435617,6802.086640435617,18602.676342403465,6802.086640435617,115532.410968611,18448.083464211748,2317038.058337478,167556111.35059175,1625781.01893022,1739331.567746447,854326.8818451036,854326.8818451036,2336454.578379412,854326.8818451036,14510612.644672139,2317038.058337478,291014802.3885094,15774.798664211477,16876.56884416188,8289.45251396648,8289.45251396648,22670.39664804469,8289.45251396648,140795.09497206705,22482.0,2823688.9608938545,18055.290721263384,8868.418482560648,8868.418482560648,24253.780850033287,8868.418482560648,150628.7442265225,24052.225884520543,3020905.8231049767,4356.0,4356.0,11913.0,4356.0,73986.0,11814.0,1483812.0,4356.0,11913.0,4356.0,73986.0,11814.0,1483812.0,32580.25,11913.0,202340.5,32309.5,4058001.0,4356.0,73986.0,11814.0,1483812.0,1256641.0,200659.0,25202322.0,32041.0,4024278.0,505440324.0
1.7087619304656982,1056.3203497330219,1524689.281490462,1443.396675900277,283.34168949934093,1510.0,1510.0,1510.0,66.0,1510.0,1805.0,2605331.0,2.9198673350088598,1805.0,2605331.0,2466.421290339129,484.16349233030627,2580.2305150032043,2580.2305150032043,2580.2305150032043,112.77828741073608,2580.2305150032043,3084.3152844905853,4451890.429062128,1115812.6812600936,1610560315.0581946,1524689.2814904617,299299.5925458891,1595043.728096863,1595043.728096863,1595043.728096863,69717.14308237945,1595043.728096863,1906658.2312681044,2752064153.090284,2324677405091.901,2200731440.6841145,432008036.97904366,2302280815.0505977,2302280815.0505977,2302280815.0505977,100629492.57837048,2302280815.0505977,2752064153.090284,3972320250434.8267,2083393.9639999692,408974.4527673171,2179528.9806094184,2179528.9806094184,2179528.9806094184,95264.18060941828,2179528.9806094184,2605331.0,3760526105.019944,80282.51300834093,427845.9511440048,427845.9511440048,427845.9511440048,18700.5515069565,427845.9511440048,511431.7495463104,738198887.2450074,2280100.0,2280100.0,2280100.0,99660.0,2280100.0,2725550.0,3934049810.0,2280100.0,2280100.0,99660.0,2280100.0,2725550.0,3934049810.0,2280100.0,99660.0,2280100.0,2725550.0,3934049810.0,4356.0,99660.0,119130.0,171951846.0,2280100.0,2725550.0,3934049810.0,3258025.0,4702622455.0,6787749619561.0
1.3519840240478516,37.722339238377664,4917.957521489669,130.37254901960785,98.25775642372498,66.0,66.0,172.5,66.0,583.0,51.0,6649.0,1.8278608012806217,51.0,6649.000000000001,176.2616034489052,132.84291692366133,89.2309455871582,89.2309455871582,233.2172441482544,89.2309455871582,788.2066860198975,68.95118522644043,8989.341775894165,1422.9748776152471,185516.8619855643,4917.957521489669,3706.512420617636,2489.6743897329256,2489.6743897329256,6507.103518620147,2489.6743897329256,21992.123775974178,1923.839301157261,250815.8335959731,24186306.183176804,641166.658046761,483227.4722487581,324585.19641831814,324585.19641831814,848347.6724569679,324585.19641831814,2867169.235028477,250815.8335959731,32699499.560384806,16997.001537870052,12810.114165908773,8604.588235294117,8604.588235294117,22489.264705882353,8604.588235294117,76007.19607843137,6649.0,866847.0784313725,9654.586697424069,6485.011923965849,6485.011923965849,16949.46298309256,6485.011923965849,57284.27199503167,5011.145577609974,653315.8224613474,4356.0,4356.0,11385.0,4356.0,38478.0,3366.0,438834.0,4356.0,11385.0,4356.0,38478.0,3366.0,438834.0,29756.25,11385.0,100567.5,8797.5,1146952.5,4356.0,38478.0,3366.0,438834.0,339889.0,29733.0,3876367.0,2601.0,339099.0,44209201.0
1.3383569717407227,77.70722026779842,84150.19488673328,1082.9134615384614,625.759463350442,288.0,1510.0,1510.0,66.0,1510.0,104.0,112623.0,1.7911993838069975,104.0,112623.0,1449.3247810418789,837.4895404077973,385.4468078613281,2020.9190273284912,2020.9190273284912,88.3315601348877,2020.9190273284912,139.18912506103516,150729.7772283554,6038.412081748142,6539077.729641547,84150.19488673327,48626.02845323213,22379.679437125946,117337.90260437562,117337.90260437562,5128.676537674695,117337.90260437562,8081.550907851036,8751620.26822026,7081255299.475192,91127378.83392848,52657780.79315733,24235256.127379186,127066794.27896726,127066794.27896726,5553912.862524397,127066794.27896726,8751620.26822026,9477247398.728563,1172701.5651812127,677643.3465472772,311879.0769230769,1635199.3269230768,1635199.3269230768,71472.28846153845,1635199.3269230768,112622.99999999999,121960962.77884614,391574.9059726332,180218.72544492732,944896.7896591675,944896.7896591675,41300.124581129174,944896.7896591675,65078.984188445975,70474908.04091683,82944.0,434880.0,434880.0,19008.0,434880.0,29952.0,32435424.0,2280100.0,2280100.0,99660.0,2280100.0,157040.0,170060730.0,2280100.0,99660.0,2280100.0,157040.0,170060730.0,4356.0,99660.0,6864.0,7433118.0,2280100.0,157040.0,170060730.0,10816.0,11712792.0,12683940129.0
0.3169071674346924,217.72937658224276,23587.34912974297,108.33333333333333,86.37660490199957,66.0,66.0,158.0,66.0,583.0,69.0,7475.0,0.10043015277148015,69.0,7475.000000000001,34.331609805425,27.37336519211825,20.915873050689697,20.915873050689697,50.0713324546814,20.915873050689697,184.75687861442566,21.866594552993774,2368.8810765743256,47406.08142689208,5135658.821246643,23587.349129742965,18806.72433660306,14370.138854428022,14370.138854428022,34401.24149999436,14370.138854428022,126936.22654744753,15023.326984174751,1627527.0899522647,556363038.9683864,2555296.155722155,2037395.1364653318,1556765.0425630359,1556765.0425630359,3726801.162499389,1556765.0425630359,13751424.54264015,1627527.089952265,176315434.7448287,11736.11111111111,9357.465531049953,7150.0,7150.0,17116.666666666664,7150.0,63158.33333333333,7475.0,809791.6666666666,7460.9178743961365,5700.855923531972,5700.855923531972,13647.503574515933,5700.855923531972,50357.560657865746,5959.9857382379705,645665.1216424468,4356.0,4356.0,10428.0,4356.0,38478.0,4554.0,493350.0,4356.0,10428.0,4356.0,38478.0,4554.0,493350.0,24964.0,10428.0,92114.0,10902.0,1181050.0,4356.0,38478.0,4554.0,493350.0,339889.0,40227.0,4357925.0,4761.0,515775.0,55875625.0
0.29788708686828613,1218.5825300997496,1680103.0392475282,1378.7355371900826,398.8437027275568,1510.0,1510.0,1510.0,66.0,1510.0,363.0,500481.0,0.08873671652287385,363.0,500481.0,410.7075127353353,118.8103887212726,449.80950117111206,449.80950117111206,449.80950117111206,19.660547733306885,449.80950117111206,108.13301253318787,149086.8271229267,1484943.3826643073,2047344212.394532,1680103.0392475284,486023.96838409855,1840059.620450622,1840059.620450622,1840059.620450622,80426.44698658348,1840059.620450622,442345.4584262091,609877403.2468528,2822746222488.7812,2316417766.351631,670098517.1373057,2536955589.2637677,2536955589.2637677,2536955589.2637677,110886800.59033686,2536955589.2637677,609877403.2468528,840859649185.6422,1900911.6815108256,549899.9867349596,2081890.6611570248,2081890.6611570248,2081890.6611570248,90996.54545454546,2081890.6611570248,500481.0,690030940.3884298,159076.29920542767,602253.9911186107,602253.9911186107,602253.9911186107,26323.68438001875,602253.9911186107,144780.2640901031,199613695.18479034,2280100.0,2280100.0,2280100.0,99660.0,2280100.0,548130.0,755726310.0,2280100.0,2280100.0,99660.0,2280100.0,548130.0,755726310.0,2280100.0,99660.0,2280100.0,548130.0,755726310.0,4356.0,99660.0,23958.0,33031746.0,2280100.0,548130.0,755726310.0,131769.0,181674603.0,250481231361.0
0.02016592025756836,198.3544489371261,14430.286160175923,72.75,13.808964479641476,60.0,69.0,81.75,60.0,93.0,4.0,291.0,0.0004066643398346059,4.0,291.0,1.4670706987380981,0.27847047653604395,1.2099552154541016,1.3914484977722168,1.6485639810562134,1.2099552154541016,1.8754305839538574,0.08066368103027344,5.868282794952393,39344.48741315097,2862311.4593067328,14430.286160175925,2739.0695397516333,11901.266936227566,13686.456976661702,16215.47620061006,11901.266936227566,18446.96375115273,793.4177957485044,57721.1446407037,208233158.6645648,1049803.3181527983,199267.3090169313,865817.1696105554,995689.7450521387,1179675.8935943816,865817.1696105554,1342016.612896361,57721.14464070369,4199213.272611193,5292.5625,1004.6021658939175,4365.0,5019.75,5947.3125,4365.0,6765.75,291.0,21170.25,190.6875,828.5378687784886,952.8185490952619,1128.8828462106908,828.5378687784886,1284.2336966066573,55.235857918565905,4018.40866357567,3600.0,4140.0,4905.0,3600.0,5580.0,240.0,17460.0,4761.0,5640.75,4140.0,6417.0,276.0,20079.0,6683.0625,4905.0,7602.75,327.0,23789.25,3600.0,5580.0,240.0,17460.0,8649.0,372.0,27063.0,16.0,1164.0,84681.0
3.314018249511719e-05,60349.69784172662,3620981.870503597,60.0,0.0,60.0,60.0,60.0,60.0,60.0,2.0,120.0,1.0982716958096717e-09,2.0,120.0,0.0019884109497070312,0.0,0.0019884109497070312,0.0019884109497070312,0.0019884109497070312,0.0019884109497070312,0.0019884109497070312,6.628036499023438e-05,0.0039768218994140625,3642086029.5877028,218525161775.26215,3620981.8705035974,0.0,3620981.8705035974,3620981.8705035974,3620981.8705035974,3620981.8705035974,3620981.8705035974,120699.39568345324,7241963.741007195,13111509706515.729,217258912.23021582,0.0,217258912.23021582,217258912.23021582,217258912.23021582,217258912.23021582,217258912.23021582,7241963.741007194,434517824.46043164,3600.0,0.0,3600.0,3600.0,3600.0,3600.0,3600.0,120.0,7200.0,0.0,0.0,0.0,0.0,0.0,0.0,0.0,0.0,3600.0,3600.0,3600.0,3600.0,3600.0,120.0,7200.0,3600.0,3600.0,3600.0,3600.0,120.0,7200.0,3600.0,3600.0,3600.0,120.0,7200.0,3600.0,3600.0,120.0,7200.0,3600.0,120.0,7200.0,4.0,240.0,14400.0
0.45492100715637207,24.180022085062603,6036.212785961992,249.63636363636363,382.62544531821027,66.0,78.0,144.0,66.0,1370.0,11.0,2746.0,0.20695312275216793,11.0,2746.0,113.56482596830888,174.0643529478156,30.024786472320557,35.48383855819702,65.50862503051758,30.024786472320557,623.2417798042297,5.004131078720093,1249.2130856513977,584.6734680341152,145955.75847469823,6036.212785961991,9251.891718101238,1595.8814576141317,1886.0417226348832,3481.923180249015,1595.8814576141317,33126.63025653577,265.98024293568864,66398.3406455819,36435864.79741104,1506858.2100228756,2309608.6052641817,398390.04387349146,470824.5973050354,869214.6411785269,398390.04387349146,8269611.516767929,66398.34064558192,16575440.31025163,62318.31404958677,95517.2248039823,16476.0,19471.636363636364,35947.63636363636,16476.0,342001.8181818182,2746.0,685501.4545454545,146402.23140495873,25253.279391001877,29844.7847348204,55098.064125822275,25253.279391001877,524196.8600859481,4208.879898500313,1050689.4728438053,4356.0,5148.0,9504.0,4356.0,90420.0,726.0,181236.0,6084.0,11232.0,5148.0,106860.0,858.0,214188.0,20736.0,9504.0,197280.0,1584.0,395424.0,4356.0,90420.0,726.0,181236.0,1876900.0,15070.0,3762020.0,121.0,30206.0,7540516.0
0.013396978378295898,298.57478955704653,21721.315940275133,72.75,13.808964479641476,60.0,69.0,81.75,60.0,93.0,4.0,291.0,0.0001794790296685278,4.0,291.0,0.9746301770210266,0.18499839856041292,0.8038187026977539,0.924391508102417,1.0952029824256897,0.8038187026977539,1.2459189891815186,0.053587913513183594,3.8985207080841064,89146.90495903463,6485437.335769768,21721.315940275133,4123.008663509684,17914.48737342279,20601.66047943621,24408.489046288552,17914.48737342279,27767.455428805326,1194.2991582281861,86885.26376110053,471815566.1772506,1580225.7346550159,299948.88027032954,1303278.956416508,1498770.7998789842,1775717.5781174921,1303278.956416508,2020082.3824455873,86885.26376110053,6320902.9386200635,5292.5625,1004.6021658939175,4365.0,5019.75,5947.3125,4365.0,6765.75,291.0,21170.25,190.6875,828.5378687784886,952.8185490952619,1128.8828462106908,828.5378687784886,1284.2336966066573,55.235857918565905,4018.40866357567,3600.0,4140.0,4905.0,3600.0,5580.0,240.0,17460.0,4761.0,5640.75,4140.0,6417.0,276.0,20079.0,6683.0625,4905.0,7602.75,327.0,23789.25,3600.0,5580.0,240.0,17460.0,8649.0,372.0,27063.0,16.0,1164.0,84681.0
0.0007371902465820312,4069.5058214747737,244170.3492884864,60.0,0.0,60.0,60.0,60.0,60.0,60.0,3.0,180.0,5.43449459655676e-07,3.0,180.0,0.044231414794921875,0.0,0.044231414794921875,0.044231414794921875,0.044231414794921875,0.044231414794921875,0.044231414794921875,0.0022115707397460938,0.13269424438476562,16560877.631017072,993652657.8610243,244170.3492884864,0.0,244170.3492884864,244170.3492884864,244170.3492884864,244170.3492884864,244170.3492884864,12208.517464424322,732511.0478654592,59619159471.66145,14650220.957309185,0.0,14650220.957309185,14650220.957309185,14650220.957309185,14650220.957309185,14650220.957309185,732511.0478654592,43950662.87192755,3600.0,0.0,3600.0,3600.0,3600.0,3600.0,3600.0,180.0,10800.0,0.0,0.0,0.0,0.0,0.0,0.0,0.0,0.0,3600.0,3600.0,3600.0,3600.0,3600.0,180.0,10800.0,3600.0,3600.0,3600.0,3600.0,180.0,10800.0,3600.0,3600.0,3600.0,180.0,10800.0,3600.0,3600.0,180.0,10800.0,3600.0,180.0,10800.0,9.0,540.0,32400.0
0.18752002716064453,63.993164792578916,10057.59239990032,157.16666666666666,158.06529944579518,66.0,72.0,160.5,66.0,583.0,12.0,1886.0,0.03516376058632886,12.0,1886.0000000000002,29.471897602081295,29.640409245230924,12.376321792602539,13.501441955566406,30.096964359283447,12.376321792602539,109.32417583465576,2.2502403259277344,353.6627712249756,4095.125140170162,643617.1678634105,10057.592399900319,10115.098755423103,4223.5488763102085,4607.507865065682,10270.902949208916,4223.5488763102085,37308.01507407351,767.917977510947,120691.10879880383,101155164.88253269,1580718.2721843338,1589756.354393998,663801.0983934212,724146.652792823,1614243.5801840015,663801.0983934212,5863576.369141887,120691.10879880385,18968619.266212005,24701.36111111111,24842.59622956414,10373.0,11316.0,25225.25,10373.0,91628.16666666666,1886.0,296416.3333333333,24984.638888888898,10432.309763422481,11380.701560097252,25369.480561050124,10432.309763422481,92152.06957689859,1896.7835933495421,298111.1547547697,4356.0,4752.0,10593.0,4356.0,38478.0,792.0,124476.0,5184.0,11556.0,4752.0,41976.0,864.0,135792.0,25760.25,10593.0,93571.5,1926.0,302703.0,4356.0,38478.0,792.0,124476.0,339889.0,6996.0,1099538.0,144.0,22632.0,3556996.0
0.4154238700866699,31.293339011279752,17907.01145422385,572.2307692307693,642.6245648595661,66.0,153.0,1514.0,66.0,1514.0,13.0,7439.0,0.1725769918377864,13.0,7439.0,237.7183207365183,266.9615837467232,27.417975425720215,63.5598521232605,628.9517393112183,27.417975425720215,628.9517393112183,5.400510311126709,3090.3381695747375,979.2730664748832,560370.1801158966,17907.011454223855,20109.868365126535,2065.3603747444636,4787.880868725802,47378.11526307755,2065.3603747444636,47378.11526307755,406.8134071466368,232791.14890491008,320661059.22170424,10246942.939074712,11507485.44370587,1181862.7559787743,2739772.7524962495,27111215.34169491,1181862.7559787743,27111215.34169491,232791.14890491008,133210258.20797123,327448.0532544379,367729.54907617794,37767.23076923077,87551.3076923077,866357.3846153847,37767.23076923077,866357.3846153847,7439.000000000001,4256824.692307693,412966.3313609467,42413.22128073136,98321.55842351362,972933.5911973831,42413.22128073136,972933.5911973831,8354.11934317436,4780484.137990313,4356.0,10098.0,99924.0,4356.0,99924.0,858.0,490974.0,23409.0,231642.0,10098.0,231642.0,1989.0,1138167.0,2292196.0,99924.0,2292196.0,19682.0,11262646.0,4356.0,99924.0,858.0,490974.0,2292196.0,19682.0,11262646.0,169.0,96707.0,55338721.0
0.1701951026916504,76.3829263850949,38197.33880226938,500.0769230769231,601.4475437883125,66.0,74.0,1217.0,66.0,1510.0,13.0,6501.0,0.028966372980221422,13.0,6501.0,85.11064327680148,102.36342647869274,11.232876777648926,12.594437599182129,207.12743997573853,11.232876777648926,256.9946050643921,2.212536334991455,1106.4383625984192,5834.351443150827,2917624.5178402713,38197.33880226938,45940.32346167882,5041.273141416264,5652.336552497023,92958.0214106605,5041.273141416264,115338.2188414933,992.9780430062337,496565.40442950197,1459036691.5753543,19101607.657965638,22973695.60187492,2521024.3609497794,2826603.0713679343,46486161.32236184,2521024.3609497794,57677981.59142677,496565.40442950197,248320899.55355325,250076.92899408285,300770.0370898323,33005.07692307692,37005.69230769231,608593.6153846154,33005.07692307692,755116.1538461539,6501.0,3251000.076923077,361739.1479289941,39695.53789002862,44507.11824033513,731961.6607903762,39695.53789002862,908185.7911203519,7818.818069248062,3910010.4821678195,4356.0,4884.0,80322.0,4356.0,99660.0,858.0,429066.0,5476.0,90058.0,4884.0,111740.0,962.0,481074.0,1481089.0,80322.0,1837670.0,15821.0,7911717.0,4356.0,99660.0,858.0,429066.0,2280100.0,19630.0,9816510.0,169.0,84513.0,42263001.0
0.020554065704345703,194.60869968681126,14157.78290221552,72.75,13.808964479641476,60.0,69.0,81.75,60.0,93.0,4.0,291.0,0.0004224696169785602,3.9999999999999996,291.0,1.49530827999115,0.2838303632235269,1.2332439422607422,1.4182305335998535,1.6802948713302612,1.2332439422607422,1.9115281105041504,0.08221626281738281,5.9812331199646,37872.54599379149,2755227.7210483314,14157.78290221552,2687.344621404392,11676.521981208676,13428.000278389976,15909.26119939682,11676.521981208676,18098.60907087345,778.434798747245,56631.13160886208,200442816.7062661,1029978.706136179,195504.32120716953,849466.9741329312,976887.0202528709,1157398.7522561187,849466.9741329312,1316673.8099060433,56631.13160886208,4119914.824544716,5292.5625,1004.6021658939175,4365.0,5019.75,5947.3125,4365.0,6765.75,291.0,21170.25,190.6875,828.5378687784886,952.8185490952619,1128.8828462106908,828.5378687784886,1284.2336966066573,55.235857918565905,4018.40866357567,3600.0,4140.0,4905.0,3600.0,5580.0,240.0,17460.0,4761.0,5640.75,4140.0,6417.0,276.0,20079.0,6683.0625,4905.0,7602.75,327.0,23789.25,3600.0,5580.0,240.0,17460.0,8649.0,372.0,27063.0,16.0,1164.0,84681.0
0.0015299320220947266,1960.871435250117,117652.28611500701,60.0,0.0,60.0,60.0,60.0,60.0,60.0,3.0,180.0,2.340691992230859e-06,3.0,180.0,0.0917959213256836,0.0,0.0917959213256836,0.0917959213256836,0.0917959213256836,0.0917959213256836,0.0917959213256836,0.00458979606628418,0.2753877639770508,3845016.7855798537,230701007.1347912,117652.28611500702,0.0,117652.28611500702,117652.28611500702,117652.28611500702,117652.28611500702,117652.28611500702,5882.6143057503505,352956.858345021,13842060428.087471,7059137.166900421,0.0,7059137.166900421,7059137.166900421,7059137.166900421,7059137.166900421,7059137.166900421,352956.858345021,21177411.500701264,3600.0,0.0,3600.0,3600.0,3600.0,3600.0,3600.0,180.0,10800.0,0.0,0.0,0.0,0.0,0.0,0.0,0.0,0.0,3600.0,3600.0,3600.0,3600.0,3600.0,180.0,10800.0,3600.0,3600.0,3600.0,3600.0,180.0,10800.0,3600.0,3600.0,3600.0,180.0,10800.0,3600.0,3600.0,180.0,10800.0,3600.0,180.0,10800.0,9.0,540.0,32400.0
0.01761007308959961,227.14272562345997,16524.633289106714,72.75,13.808964479641476,60.0,69.0,81.75,60.0,93.0,4.0,291.0,0.00031011467422104033,4.0,291.0,1.2811328172683716,0.24317687377817124,1.0566043853759766,1.215095043182373,1.439623475074768,1.0566043853759766,1.6377367973327637,0.07044029235839844,5.124531269073486,51593.81780365442,3753450.2452158593,16524.633289106714,3136.6058299433084,13628.563537407597,15672.848068018739,18568.91781971785,13628.563537407597,21124.27348298178,908.5709024938399,66098.53315642686,273063505.33945376,1202167.0717825135,228188.0741283757,991477.9973464028,1140199.6969483632,1350888.771384474,991477.9973464028,1536790.8958869244,66098.53315642686,4808668.287130054,5292.5625,1004.6021658939175,4365.0,5019.75,5947.3125,4365.0,6765.75,291.0,21170.25,190.6875,828.5378687784886,952.8185490952619,1128.8828462106908,828.5378687784886,1284.2336966066573,55.235857918565905,4018.40866357567,3600.0,4140.0,4905.0,3600.0,5580.0,240.0,17460.0,4761.0,5640.75,4140.0,6417.0,276.0,20079.0,6683.0625,4905.0,7602.75,327.0,23789.25,3600.0,5580.0,240.0,17460.0,8649.0,372.0,27063.0,16.0,1164.0,84681.0
5.1975250244140625e-05,57719.779816513765,3463186.788990826,60.0,0.0,60.0,60.0,60.0,60.0,60.0,3.0,180.0,2.70142663794104e-09,3.0,180.0,0.0031185150146484375,0.0,0.0031185150146484375,0.0031185150146484375,0.0031185150146484375,0.0031185150146484375,0.0031185150146484375,0.00015592575073242188,0.009355545043945312,3331572982.0668297,199894378924.0098,3463186.788990826,0.0,3463186.788990826,3463186.788990826,3463186.788990826,3463186.788990826,3463186.788990826,173159.3394495413,10389560.366972478,11993662735440.588,207791207.33944955,0.0,207791207.33944955,207791207.33944955,207791207.33944955,207791207.33944955,207791207.33944955,10389560.366972478,623373622.0183487,3600.0,0.0,3600.0,3600.0,3600.0,3600.0,3600.0,180.0,10800.0,0.0,0.0,0.0,0.0,0.0,0.0,0.0,0.0,3600.0,3600.0,3600.0,3600.0,3600.0,180.0,10800.0,3600.0,3600.0,3600.0,3600.0,180.0,10800.0,3600.0,3600.0,3600.0,180.0,10800.0,3600.0,3600.0,180.0,10800.0,3600.0,180.0,10800.0,9.0,540.0,32400.0
0.013570070266723633,294.76634397455945,21444.2515241492,72.75,13.808964479641476,60.0,69.0,81.75,60.0,93.0,4.0,291.0,0.0001841468070438168,4.0,291.0,0.9872226119041443,0.18738861829942557,0.814204216003418,0.9363348484039307,1.109353244304657,0.814204216003418,1.2620165348052979,0.05428028106689453,3.948890447616577,86887.1975401283,6321043.621044334,21444.2515241492,4070.417973738473,17685.980638473568,20338.8777342446,24097.148619920234,17685.980638473568,27413.269989634027,1179.0653758982378,85777.0060965968,459855923.4309753,1560069.2983818543,296122.9075894739,1286655.091448952,1479653.3551662948,1753067.5620991972,1286655.091448952,1994315.3917458756,85777.0060965968,6240277.193527417,5292.5625,1004.6021658939175,4365.0,5019.75,5947.3125,4365.0,6765.75,291.0,21170.25,190.6875,828.5378687784886,952.8185490952619,1128.8828462106908,828.5378687784886,1284.2336966066573,55.235857918565905,4018.40866357567,3600.0,4140.0,4905.0,3600.0,5580.0,240.0,17460.0,4761.0,5640.75,4140.0,6417.0,276.0,20079.0,6683.0625,4905.0,7602.75,327.0,23789.25,3600.0,5580.0,240.0,17460.0,8649.0,372.0,27063.0,16.0,1164.0,84681.0
9.202957153320312e-05,32598.21761658031,1955893.0569948186,60.0,0.0,60.0,60.0,60.0,60.0,60.0,3.0,180.0,8.469442036584951e-09,3.0,180.0,0.0055217742919921875,0.0,0.0055217742919921875,0.0055217742919921875,0.0055217742919921875,0.0055217742919921875,0.0055217742919921875,0.0002760887145996094,0.016565322875976562,1062643791.7779269,63758627506.67561,1955893.0569948186,0.0,1955893.0569948186,1955893.0569948186,1955893.0569948186,1955893.0569948186,1955893.0569948186,97794.65284974093,5867679.170984456,3825517650400.5366,117353583.41968912,0.0,117353583.41968912,117353583.41968912,117353583.41968912,117353583.41968912,117353583.41968912,5867679.170984456,352060750.25906736,3600.0,0.0,3600.0,3600.0,3600.0,3600.0,3600.0,180.0,10800.0,0.0,0.0,0.0,0.0,0.0,0.0,0.0,0.0,3600.0,3600.0,3600.0,3600.0,3600.0,180.0,10800.0,3600.0,3600.0,3600.0,3600.0,180.0,10800.0,3600.0,3600.0,3600.0,180.0,10800.0,3600.0,3600.0,180.0,10800.0,3600.0,180.0,10800.0,9.0,540.0,32400.0
0.02369093894958496,168.8409230428613,12283.17715136816,72.75,13.808964479641476,60.0,69.0,81.75,60.0,93.0,4.0,291.0,0.0005612605883129618,4.0,291.0,1.723515808582306,0.3271473344441735,1.4214563369750977,1.6346747875213623,1.9367342591285706,1.4214563369750977,2.2032573223114014,0.09476375579833984,6.894063234329224,28507.257293965413,2073902.968135984,12283.17715136816,2331.5183090087517,10130.455382571678,11650.02368995743,13802.745458753912,10130.455382571678,15702.2058429861,675.3636921714452,49132.70860547264,150876440.9318928,893601.1377620336,169617.9569803867,736990.6290820895,847539.223444403,1004149.732124347,736990.6290820895,1142335.4750772389,49132.70860547264,3574404.5510481345,5292.5625,1004.6021658939175,4365.0,5019.75,5947.3125,4365.0,6765.75,291.0,21170.25,190.6875,828.5378687784886,952.8185490952619,1128.8828462106908,828.5378687784886,1284.2336966066573,55.235857918565905,4018.40866357567,3600.0,4140.0,4905.0,3600.0,5580.0,240.0,17460.0,4761.0,5640.75,4140.0,6417.0,276.0,20079.0,6683.0625,4905.0,7602.75,327.0,23789.25,3600.0,5580.0,240.0,17460.0,8649.0,372.0,27063.0,16.0,1164.0,84681.0
0.00677490234375,442.81081081081084,26568.64864864865,60.0,0.0,60.0,60.0,60.0,60.0,60.0,3.0,180.0,4.589930176734924e-05,3.0,180.0,0.406494140625,0.0,0.406494140625,0.406494140625,0.406494140625,0.406494140625,0.406494140625,0.02032470703125,1.219482421875,196081.41417092772,11764884.850255663,26568.64864864865,0.0,26568.64864864865,26568.64864864865,26568.64864864865,26568.64864864865,26568.64864864865,1328.4324324324325,79705.94594594595,705893091.0153397,1594118.918918919,0.0,1594118.918918919,1594118.918918919,1594118.918918919,1594118.918918919,1594118.918918919,79705.94594594595,4782356.756756757,3600.0,0.0,3600.0,3600.0,3600.0,3600.0,3600.0,180.0,10800.0,0.0,0.0,0.0,0.0,0.0,0.0,0.0,0.0,3600.0,3600.0,3600.0,3600.0,3600.0,180.0,10800.0,3600.0,3600.0,3600.0,3600.0,180.0,10800.0,3600.0,3600.0,3600.0,180.0,10800.0,3600.0,3600.0,180.0,10800.0,3600.0,180.0,10800.0,9.0,540.0,32400.0
0.1646099090576172,30.374842125997937,2132.313917245055,70.2,13.362634470792052,60.0,60.0,78.0,60.0,93.0,5.0,351.0,0.027096422159957,5.0,351.0,11.555615615844728,2.1996220450072603,9.876594543457031,9.876594543457031,12.83957290649414,9.876594543457031,15.308721542358398,0.8230495452880859,57.77807807922363,922.6310341792988,64768.69859938678,2132.313917245055,405.8879124377266,1822.4905275598762,1822.4905275598762,2369.237685827839,1822.4905275598762,2824.860317717808,151.87421062998968,10661.569586225276,4546762.641676952,149688.43699060287,28493.331453128405,127938.83503470331,127938.83503470331,166320.4855451143,127938.83503470331,198305.19430379014,10661.569586225276,748442.1849530144,4928.04,938.0569398496021,4212.0,4212.0,5475.6,4212.0,6528.6,351.0,24640.2,178.56,801.7580682475232,801.7580682475232,1042.28548872178,801.7580682475232,1242.725005783661,66.81317235396025,4690.28469924801,3600.0,3600.0,4680.0,3600.0,5580.0,300.0,21060.0,3600.0,4680.0,3600.0,5580.0,300.0,21060.0,6084.0,4680.0,7254.0,390.0,27378.0,3600.0,5580.0,300.0,21060.0,8649.0,465.0,32643.0,25.0,1755.0,123201.0
0.00013399124145507812,29852.697508896796,1791161.8505338079,60.0,0.0,60.0,60.0,60.0,60.0,60.0,4.0,240.0,1.7953652786673047e-08,4.0,240.0,0.008039474487304688,0.0,0.008039474487304688,0.008039474487304688,0.008039474487304688,0.008039474487304688,0.008039474487304688,0.0005359649658203125,0.03215789794921875,891183548.557693,53471012913.46158,1791161.8505338077,0.0,1791161.8505338077,1791161.8505338077,1791161.8505338077,1791161.8505338077,1791161.8505338077,119410.79003558718,7164647.402135231,3208260774807.6953,107469711.03202847,0.0,107469711.03202847,107469711.03202847,107469711.03202847,107469711.03202847,107469711.03202847,7164647.4021352315,429878844.12811387,3600.0,0.0,3600.0,3600.0,3600.0,3600.0,3600.0,240.0,14400.0,0.0,0.0,0.0,0.0,0.0,0.0,0.0,0.0,3600.0,3600.0,3600.0,3600.0,3600.0,240.0,14400.0,3600.0,3600.0,3600.0,3600.0,240.0,14400.0,3600.0,3600.0,3600.0,240.0,14400.0,3600.0,3600.0,240.0,14400.0,3600.0,240.0,14400.0,16.0,960.0,57600.0
18.539640188217163,16.289420772682288,1519.2851486892118,93.26821192052981,66.85284013825529,66.0,66.0,66.0,66.0,663.0,302.0,28167.0,343.7182583085569,302.0,28167.0,1729.1590900050096,1239.4276017236552,1223.6162524223328,1223.6162524223328,1223.6162524223328,1223.6162524223328,12291.78144478798,5598.971336841583,522206.04518151283,265.34522910949323,24748.275060685744,1519.285148689212,1088.9940428609038,1075.101770997031,1075.101770997031,1075.101770997031,1075.101770997031,10799.885972288357,4919.405073350051,458824.114904142,2308227.3630276006,141701.00921565905,101568.5271697453,100272.81981348798,100272.81981348798,100272.81981348798,100272.81981348798,1007286.0535809475,458824.114904142,42793704.78312903,8698.95935485286,6235.244861504096,6155.701986754967,6155.701986754967,6155.701986754967,6155.701986754967,61836.82450331126,28167.000000000004,2627085.725165563,4469.302234551117,4412.287449124849,4412.287449124849,4412.287449124849,4412.287449124849,44323.433011663255,20189.557721753095,1883043.9481742368,4356.0,4356.0,4356.0,4356.0,43758.0,19932.0,1859022.0,4356.0,4356.0,4356.0,43758.0,19932.0,1859022.0,4356.0,4356.0,43758.0,19932.0,1859022.0,4356.0,43758.0,19932.0,1859022.0,439569.0,200226.0,18674721.0,91204.0,8506434.0,793379889.0
18.542087078094482,72.48374977096263,104202.83282363704,1437.6026785714287,279.67290874463043,1514.0,1514.0,1514.0,66.0,1514.0,1344.0,1932138.0,343.8089932116384,1344.0000000000002,1932138.0,26656.154049773304,5185.71942732691,28072.719836235046,28072.719836235046,28072.719836235046,1223.7777471542358,28072.719836235046,24920.565032958984,35825871.04289532,5253.893980859525,7553012.059813959,104202.83282363706,20271.741135163058,109740.39715323743,109740.39715323743,109740.39715323743,4783.927484883534,109740.39715323743,97418.15969217378,140048607.3149682,10858230368.47085,149802271.5819914,29142709.355217025,157763088.89498648,157763088.89498648,157763088.89498648,6877386.966360045,157763088.89498648,140048607.3149682,201334253006.19644,2066701.4614357464,402058.52273514343,2176530.455357143,2176530.455357143,2176530.455357143,94881.77678571429,2176530.455357143,1932138.0000000002,2777646764.169643,78216.93588568238,423424.7838393705,423424.7838393705,423424.7838393705,18458.41197714561,423424.7838393705,375880.3893527833,540366654.5560328,2292196.0,2292196.0,2292196.0,99924.0,2292196.0,2034816.0,2925256932.0,2292196.0,2292196.0,99924.0,2292196.0,2034816.0,2925256932.0,2292196.0,99924.0,2292196.0,2034816.0,2925256932.0,4356.0,99924.0,88704.0,127521108.0,2292196.0,2034816.0,2925256932.0,1806336.0,2596793472.0,3733157251044.0
0.03644394874572754,54.8787952138273,11524.546994903734,210.0,144.0,138.0,210.0,282.0,66.0,354.0,2.0,420.0,0.0013281614001812159,2.0,420.0,7.653229236602783,5.247928619384766,5.0292649269104,7.653229236602783,10.277193546295166,2.4053006172180176,12.901157855987549,0.07288789749145508,15.306458473205566,3011.6821641211945,632453.2544654509,11524.546994903734,7902.546510791131,7573.273739508168,11524.546994903734,15475.820250299299,3622.000484112602,19427.093505694866,109.7575904276546,23049.09398980747,132815183.43774469,2420154.8689297843,1659534.7672661378,1590387.4852967153,2420154.8689297843,3249922.252562853,760620.1016636464,4079689.636195922,23049.09398980747,4840309.737859569,44100.0,30240.0,28980.0,44100.0,59220.0,13860.0,74340.0,420.0,88200.0,20736.0,19872.0,30240.0,40608.0,9504.0,50976.0,288.0,60480.0,19044.0,28980.0,38916.0,9108.0,48852.0,276.0,57960.0,44100.0,59220.0,13860.0,74340.0,420.0,88200.0,79524.0,18612.0,99828.0,564.0,118440.0,4356.0,23364.0,132.0,27720.0,125316.0,708.0,148680.0,4.0,840.0,176400.0
0.08104515075683594,148.06561389470713,22950.170153679603,155.0,152.91936873180367,66.0,87.5,144.5,66.0,583.0,12.0,1860.0,0.006568316461198265,12.000000000000002,1860.0,12.56199836730957,12.393373292509212,5.348979949951172,7.0914506912231445,11.711024284362793,5.348979949951172,47.24932289123535,0.9725418090820312,150.74398040771484,21923.42601801649,3398131.032792555,22950.170153679606,22642.100207665593,9772.33051705067,12955.741215786873,21395.48120778518,9772.33051705067,86322.25290061426,1776.7873667364856,275402.04184415523,526710310.08284605,3557276.3738203384,3509525.5321881664,1514711.2301428537,2008139.8884469653,3316299.5872067027,1514711.2301428537,13379949.19959521,275402.04184415523,42687316.48584406,24025.0,23702.50215342957,10230.0,13562.5,22397.5,10230.0,90365.0,1860.0,288300.0,23384.333333333336,10092.678336299043,13380.444764032822,22096.84878174563,10092.678336299043,89151.99197064154,1835.032424781644,284430.02584115486,4356.0,5775.0,9537.0,4356.0,38478.0,792.0,122760.0,7656.25,12643.75,5775.0,51012.5,1050.0,162750.0,20880.25,9537.0,84243.5,1734.0,268770.0,4356.0,38478.0,792.0,122760.0,339889.0,6996.0,1084380.0,144.0,22320.0,3459600.0
0.08601713180541992,174.38386615740254,92481.57701880914,530.3333333333334,534.5599644151772,85.5,207.0,797.5,66.0,1466.0,15.0,7955.0,0.0073989469640309835,15.0,7955.0,45.61775223414104,45.98131491700088,7.354464769363403,17.805546283721924,68.59866261482239,5.677130699157715,126.1011152267456,1.2902569770812988,684.2662835121155,30409.732776002882,16127294.948873527,92481.57701880916,93218.63328768213,14909.820556457917,36097.46029458233,139071.13326052853,11509.335166388568,255646.74778675212,2615.757992361038,1387223.6552821372,8552842087.885927,49046063.01230845,49436948.520234086,7907174.835108181,19143686.442893494,73754057.67250028,6103784.083241403,135577991.9095742,1387223.6552821372,735690945.1846267,281253.4444444445,283494.967794849,45343.5,109779.00000000001,422940.8333333334,35002.0,777468.6666666667,7955.000000000001,4218801.666666667,285754.3555555555,45704.876957497654,110653.91263394168,426311.5716211038,35280.957651401695,783664.9078326498,8018.399466227658,4252424.516922735,7310.25,17698.5,68186.25,5643.0,125343.0,1282.5,680152.5,42849.0,165082.5,13662.0,303462.0,3105.0,1646685.0,636006.25,52635.0,1169135.0,11962.5,6344112.5,4356.0,96756.0,990.0,525030.0,2149156.0,21990.0,11662030.0,225.0,119325.0,63282025.0
0.06794118881225586,103.03028431461999,15675.321827867185,152.14285714285714,177.66937880024602,66.0,66.0,109.0,66.0,583.0,7.0,1065.0,0.004616005137222601,7.0,1065.0,10.336766583578926,12.071068811223723,4.484118461608887,4.484118461608887,7.405589580535889,4.484118461608887,39.609713077545166,0.475588321685791,72.35736608505249,10615.23948595143,1615032.8646483247,15675.321827867183,18305.326611791264,6799.9987647649195,6799.9987647649195,11230.30099029358,6799.9987647649195,60066.65575542345,721.21199020234,109727.2527950703,245715714.40720943,2384888.2495255074,2785024.6916511,1034571.2406392342,1034571.2406392342,1708610.079237523,1034571.2406392342,9138712.625646569,109727.2527950703,16694217.746678552,23147.448979591834,27031.126917466,10041.42857142857,10041.42857142857,16583.571428571428,10041.42857142857,88699.28571428571,1065.0,162032.14285714284,31566.40816326531,11726.179000816237,11726.179000816237,19365.962289226816,11726.179000816237,103581.24784054344,1243.6856516017222,189217.888422262,4356.0,4356.0,7194.0,4356.0,38478.0,462.0,70290.0,4356.0,7194.0,4356.0,38478.0,462.0,70290.0,11881.0,7194.0,63547.0,763.0,116085.0,4356.0,38478.0,462.0,70290.0,339889.0,4081.0,620895.0,49.0,7455.0,1134225.0
0.05336499214172363,131.17213587158054,114925.52990005763,876.1428571428571,584.3175331887935,370.5,928.0,1466.0,66.0,1466.0,7.0,6133.0,0.002847822386286225,7.0,6133.0,46.75535668645586,31.182100566891304,19.771729588508606,49.52271270751953,78.23307847976685,3.5220894813537598,78.23307847976685,0.37355494499206543,327.28749680519104,17206.129229112386,15075027.223163752,114925.52990005763,76646.17885558719,48599.27634042059,121727.74208882674,192298.35118773708,8657.360967524315,192298.35118773708,918.2049511010638,804478.7093004035,13207877422.809042,100691182.12529334,67153002.1316166,42579908.827971354,106650891.74725348,168480826.8334845,7585084.973403804,168480826.8334845,804478.7093004035,704838274.8770535,767626.3061224489,511945.6330066958,324610.9285714286,813060.5714285714,1284425.4285714286,57825.42857142857,1284425.4285714286,6133.0,5373384.142857143,341426.9795918368,216489.646046448,542246.6707992004,856609.5036547713,38564.95719046037,856609.5036547713,4090.2227323215548,3583619.4310468705,137270.25,343824.0,543153.0,24453.0,543153.0,2593.5,2272276.5,861184.0,1360448.0,61248.0,1360448.0,6496.0,5691424.0,2149156.0,96756.0,2149156.0,10262.0,8990978.0,4356.0,96756.0,462.0,404778.0,2149156.0,10262.0,8990978.0,49.0,42931.0,37613689.0
10.200944900512695,1.1763616132655401,141.84960453293638,120.58333333333333,143.63057841405345,66.0,66.0,69.0,66.0,583.0,12.0,1447.0,104.05927686329596,11.999999999999998,1447.0,1230.063939253489,1465.1676164305272,673.2623634338379,673.2623634338379,703.865198135376,673.2623634338379,5947.150876998901,122.41133880615234,14760.76727104187,1.383826645164704,166.86642962944393,141.84960453293638,168.96149893741858,77.63986647552565,77.63986647552565,81.16895131532227,77.63986647552565,685.8188205338099,14.116339359186481,1702.1952543952366,20121.310306150444,17104.698146596576,20373.94074687039,9362.073899173802,9362.073899173802,9787.62271277261,9362.073899173802,82698.3194427019,1702.1952543952366,205256.37775915893,14540.340277777777,17319.453913761277,7958.5,7958.5,8320.25,7958.5,70300.08333333333,1447.0,174484.0833333333,20629.743055555555,9479.618175327527,9479.618175327527,9910.509910569688,9479.618175327527,83736.62721539316,1723.5669409686413,207833.44696513534,4356.0,4356.0,4554.0,4356.0,38478.0,792.0,95502.0,4356.0,4554.0,4356.0,38478.0,792.0,95502.0,4761.0,4554.0,40227.0,828.0,99843.0,4356.0,38478.0,792.0,95502.0,339889.0,6996.0,843601.0,144.0,17364.0,2093809.0
0.17715978622436523,39.5123529395932,6118.770083788432,154.85714285714286,177.60825959833915,66.0,66.0,118.5,66.0,583.0,7.0,1084.0,0.03138558985506279,7.000000000000001,1084.0,27.434458323887416,31.46504130212333,11.692545890808105,11.692545890808105,20.99343466758728,11.692545890808105,103.28415536880493,1.2401185035705566,192.0412082672119,1561.2260348229793,241767.00310687278,6118.770083788433,7017.720238236468,2607.8152940131513,2607.8152940131513,4682.2138233417945,2607.8152940131513,23035.701763782836,276.5864705771524,42831.39058651903,37439347.338264294,947535.2529752372,1086744.1054640473,403838.8255300365,403838.8255300365,725074.2549289293,403838.8255300365,3567242.958848656,42831.390586519025,6632746.77082666,23980.73469387755,27503.90762922852,10220.57142857143,10220.57142857143,18350.571428571428,10220.57142857143,90281.71428571429,1084.0,167865.14285714287,31544.693877551028,11722.145133490383,11722.145133490383,21046.578762403187,11722.145133490383,103545.61534583173,1243.257817188374,192527.35340459962,4356.0,4356.0,7821.0,4356.0,38478.0,462.0,71544.0,4356.0,7821.0,4356.0,38478.0,462.0,71544.0,14042.25,7821.0,69085.5,829.5,128454.0,4356.0,38478.0,462.0,71544.0,339889.0,4081.0,631972.0,49.0,7588.0,1175056.0
0.08507204055786133,82.2832032016322,13130.048282317595,159.57142857142858,178.09295898719952,66.0,66.0,135.0,66.0,583.0,7.0,1117.0,0.007237252084678403,7.0,1117.0,13.575067043304445,15.150731430028571,5.614754676818848,5.614754676818848,11.48472547531128,5.614754676818848,49.596999645233154,0.5955042839050293,95.0254693031311,6770.525529121096,1080382.4308611806,13130.048282317597,14654.059133123688,5430.6914113077255,5430.6914113077255,11108.232432220348,5430.6914113077255,47971.10746655158,575.9824224114254,91910.33797622318,172398167.89599124,2095180.5616212508,2338369.150242737,866583.1866329613,866583.1866329613,1772556.5181128753,866583.1866329613,7654818.148591158,91910.33797622316,14666263.931348754,25463.040816326535,28418.54788410027,10531.714285714286,10531.714285714286,21542.14285714286,10531.714285714286,93030.14285714287,1117.0,178241.28571428574,31717.10204081633,11754.135293155168,11754.135293155168,24042.549463271935,11754.135293155168,103828.19508953732,1246.6507129103966,198929.83518870187,4356.0,4356.0,8910.0,4356.0,38478.0,462.0,73722.0,4356.0,8910.0,4356.0,38478.0,462.0,73722.0,18225.0,8910.0,78705.0,945.0,150795.0,4356.0,38478.0,462.0,73722.0,339889.0,4081.0,651211.0,49.0,7819.0,1247689.0
10.203390121459961,1.176079700683146,488.95513555901795,415.75,556.2505617974691,66.0,85.5,499.0,66.0,1514.0,12.0,4989.0,104.10916997070672,12.0,4989.0,4242.059442996979,5675.64148730085,673.4237480163574,872.3898553848267,5091.4916706085205,673.4237480163574,15447.93264389038,122.44068145751953,50904.713315963745,1.3831634623589584,575.0502094757369,488.95513555901795,654.1949942235993,77.62126024508764,100.55481440840899,586.8637706408899,77.62126024508764,1780.584666834283,14.112956408197753,5867.461626708216,239077.12458953762,203283.09760866172,271981.5688484614,32271.038946895183,41805.664090296035,243988.61264394995,32271.038946895183,740278.0752363532,5867.461626708216,2439397.1713039405,172848.0625,231261.17106729778,27439.5,35546.625,207459.25,27439.5,629445.5,4989.0,2074176.75,309414.6875,36712.53707863296,47559.42303368361,277569.0303369371,36712.53707863296,842163.3505613683,6675.006741569629,2775134.052807573,4356.0,5643.0,32934.0,4356.0,99924.0,792.0,329274.0,7310.25,42664.5,5643.0,129447.0,1026.0,426559.5,249001.0,32934.0,755486.0,5988.0,2489511.0,4356.0,99924.0,792.0,329274.0,2292196.0,18168.0,7553346.0,144.0,59868.0,24890121.0
0.06620597839355469,105.7306329405664,63967.03292904267,605.0,600.5847150902194,104.5,324.0,1061.0,66.0,1514.0,7.0,4235.0,0.00438323157504783,7.0,4235.0,40.054616928100586,39.76229867076227,6.918524742126465,21.45073699951172,70.24454307556152,4.369594573974609,100.2358512878418,0.4634418487548828,280.3823184967041,11178.966742012784,6763274.878917734,63967.03292904267,63500.20206091864,11048.851142289188,34256.72507274351,112180.20154994095,6978.221774077382,160076.1782720175,740.1144305839648,447769.2305032987,4091781301.745229,38700054.922070816,38417622.24685577,6684554.941084959,20725318.669009823,67869021.93771426,4221824.173316816,96846087.8545706,447769.2305032987,270900384.45449567,366025.0,363353.75262958277,63222.5,196020.0,641905.0,39930.0,915970.0,4235.0,2562175.0,360702.00000000006,62761.10272692793,194589.4476892311,637220.3827107229,39638.59119595448,909285.2586465923,4204.0930056315365,2543476.2684070794,10920.25,33858.0,110874.5,6897.0,158213.0,731.5,442557.5,104976.0,343764.0,21384.0,490536.0,2268.0,1372140.0,1125721.0,70026.0,1606354.0,7427.0,4493335.0,4356.0,99924.0,462.0,279510.0,2292196.0,10598.0,6411790.0,49.0,29645.0,17935225.0
0.1111910343170166,350.74770407123975,33105.18714580086,94.38461538461539,97.32278184411761,66.0,66.0,66.0,66.0,583.0,39.0,3681.0,0.012363446112487964,39.0,3681.0000000000005,10.494723008229183,10.821420775856803,7.338608264923096,7.338608264923096,7.338608264923096,7.338608264923096,64.82437300682068,4.3364503383636475,409.2941973209381,123023.95191124598,11611568.38423837,33105.18714580086,34135.74228565039,23149.348468701824,23149.348468701824,23149.348468701824,23149.348468701824,204485.9114735328,13679.16045877835,1291102.2986862336,1095953415.9584985,3124620.3559921277,3221888.906499464,2184942.3516228567,2184942.3516228567,2184942.3516228567,2184942.3516228567,19300324.106001902,1291102.2986862336,121860193.88369296,8908.455621301775,9185.77333251787,6229.384615384615,6229.384615384615,6229.384615384615,6229.384615384615,55026.23076923077,3681.0,347429.76923076925,9471.72386587771,6423.303601711763,6423.303601711763,6423.303601711763,6423.303601711763,56739.181815120566,3795.588491920587,358245.15996819694,4356.0,4356.0,4356.0,4356.0,38478.0,2574.0,242946.0,4356.0,4356.0,4356.0,38478.0,2574.0,242946.0,4356.0,4356.0,38478.0,2574.0,242946.0,4356.0,38478.0,2574.0,242946.0,339889.0,22737.0,2146023.0,1521.0,143559.0,13549761.0
0.12081289291381836,66.21809814377,46087.796308063924,696.0,646.3551655243424,72.0,416.0,1510.0,66.0,1510.0,8.0,5568.0,0.014595755094205742,8.0,5568.0,84.08577346801758,78.08803739678572,8.698528289794922,50.25816345214844,182.42746829986572,7.973650932312012,182.42746829986572,0.9665031433105469,672.6861877441406,4384.8365217779565,3051846.219157458,46087.796308063924,42800.40978642361,4767.703066351441,27546.72882780832,99989.3281970927,4370.3944774888205,99989.3281970927,529.74478515016,368702.3704645114,2124084968.5335906,32077106.23041249,29789085.211350832,3318321.3341806023,19172523.26415459,69592572.42517653,3041794.556332219,69592572.42517653,368702.3704645114,256616849.84329993,484416.0,449863.1952049423,50112.0,289536.0,1050960.0,45936.0,1050960.0,5568.0,3875328.0,417775.00000000006,46537.571917752655,268883.74885812646,975996.299941757,42659.4409246066,975996.299941757,5170.841324194739,3598905.5616395385,5184.0,29952.0,108720.0,4752.0,108720.0,576.0,400896.0,173056.0,628160.0,27456.0,628160.0,3328.0,2316288.0,2280100.0,99660.0,2280100.0,12080.0,8407680.0,4356.0,99660.0,528.0,367488.0,2280100.0,12080.0,8407680.0,64.0,44544.0,31002624.0
0.11918997764587402,880.9465533416413,1203633.0808470973,1366.2952380952381,337.3984199530994,1466.0,1466.0,1466.0,66.0,1466.0,105.0,143461.0,0.01420625077122395,105.0,143461.0,162.84869888623555,40.21451013196313,174.73250722885132,174.73250722885132,174.73250722885132,7.8665385246276855,174.73250722885132,12.514947652816772,17099.113383054733,776066.8298445173,1060336414.0602316,1203633.0808470973,297229.9751605986,1291467.647198846,1291467.647198846,1291467.647198846,58142.47252054833,1291467.647198846,92499.38810087234,126381473.4889452,1448732593309.475,1644518146.7752898,406103899.6810918,1764526096.5218446,1764526096.5218446,1764526096.5218446,79439783.33590843,1764526096.5218446,126381473.48894522,172674405411.40543,1866762.6776417233,460985.8545227771,2002988.8190476191,2002988.8190476191,2002988.8190476191,90175.48571428572,2002988.8190476191,143461.0,196010081.15238094,113837.69378684802,494626.0836512437,494626.0836512437,494626.0836512437,22268.29571690456,494626.0836512437,35426.834095075435,48403514.724891596,2149156.0,2149156.0,2149156.0,96756.0,2149156.0,153930.0,210313826.0,2149156.0,2149156.0,96756.0,2149156.0,153930.0,210313826.0,2149156.0,96756.0,2149156.0,153930.0,210313826.0,4356.0,96756.0,6930.0,9468426.0,2149156.0,153930.0,210313826.0,11025.0,15063405.0,20581058521.0
12.131089925765991,0.7418954154221814,99.16668719476492,133.66666666666666,160.7703676400322,66.0,66.0,78.0,66.0,583.0,9.0,1203.0,147.16334278702112,9.0,1203.0,1621.5223534107206,1950.3197872396893,800.6519351005554,800.6519351005554,946.2250142097473,800.6519351005554,7072.425426721573,109.17980933189392,14593.701180696487,0.5504088074244511,73.57131059240163,99.1666871947649,119.27479868787852,48.96509741786397,48.96509741786397,57.86784240293015,48.96509741786397,432.52502719113176,6.677058738799633,892.5001847528843,9834.031849184352,13255.280521700242,15943.06475794643,6545.001354854485,6545.001354854485,7735.001601191663,6545.001354854485,57814.17863454795,892.5001847528843,119297.5246953022,17866.777777777774,21489.639141217634,8822.0,8822.0,10426.0,8822.0,77927.66666666666,1203.0,160801.0,25847.11111111111,10610.844264242125,10610.844264242125,12540.08867592251,10610.844264242125,93729.12433413877,1446.9333087602897,193406.75227095874,4356.0,4356.0,5148.0,4356.0,38478.0,594.0,79398.0,4356.0,5148.0,4356.0,38478.0,594.0,79398.0,6084.0,5148.0,45474.0,702.0,93834.0,4356.0,38478.0,594.0,79398.0,339889.0,5247.0,701349.0,81.0,10827.0,1447209.0
12.127624034881592,0.7421074378719287,99.19502752888114,133.66666666666666,160.7703676400322,66.0,66.0,78.0,66.0,583.0,9.0,1203.0,147.07926473143766,9.0,1203.0,1621.0590793291726,1949.7625746880042,800.4231863021851,800.4231863021851,945.9546747207642,800.4231863021851,7070.404812335968,109.14861631393433,14589.531713962555,0.5507234493448385,73.61336772909341,99.19502752888113,119.30888561507233,48.979090899547295,48.979090899547295,57.88438015401044,48.979090899547295,432.6486362793344,6.678966940847358,892.7552477599302,9839.653486455487,13259.068679693779,15947.621043881334,6546.871816906155,6546.871816906155,7737.212147252729,6546.871816906155,57830.7010493377,892.7552477599303,119331.61811724401,17866.777777777774,21489.639141217634,8822.0,8822.0,10426.0,8822.0,77927.66666666666,1203.0,160801.0,25847.11111111111,10610.844264242125,10610.844264242125,12540.08867592251,10610.844264242125,93729.12433413877,1446.9333087602897,193406.75227095874,4356.0,4356.0,5148.0,4356.0,38478.0,594.0,79398.0,4356.0,5148.0,4356.0,38478.0,594.0,79398.0,6084.0,5148.0,45474.0,702.0,93834.0,4356.0,38478.0,594.0,79398.0,339889.0,5247.0,701349.0,81.0,10827.0,1447209.0
0.19995498657226562,35.007879123185226,5326.198752313181,152.14285714285714,177.66937880024602,66.0,66.0,109.0,66.0,583.0,7.0,1065.0,0.039981996655114926,7.0,1065.0,30.421722957066127,35.525878252305965,13.197029113769531,13.197029113769531,21.795093536376953,13.197029113769531,116.57375717163086,1.3996849060058594,212.9520606994629,1225.551600703548,186458.9221070398,5326.198752313181,6219.82813693042,2310.520022130225,2310.520022130225,3815.8588244271896,2310.520022130225,20409.593528816986,245.05515386229658,37283.391266192266,28368393.14914249,810343.0958876483,946302.4236901283,351529.11765266996,351529.11765266996,580555.6640021368,351529.11765266996,3105173.8725985847,37283.391266192266,5672401.671213537,23147.448979591834,27031.126917466,10041.42857142857,10041.42857142857,16583.571428571428,10041.42857142857,88699.28571428571,1065.0,162032.14285714284,31566.40816326531,11726.179000816237,11726.179000816237,19365.962289226816,11726.179000816237,103581.24784054344,1243.6856516017222,189217.888422262,4356.0,4356.0,7194.0,4356.0,38478.0,462.0,70290.0,4356.0,7194.0,4356.0,38478.0,462.0,70290.0,11881.0,7194.0,63547.0,763.0,116085.0,4356.0,38478.0,462.0,70290.0,339889.0,4081.0,620895.0,49.0,7455.0,1134225.0
12.131706953048706,0.9891435761217751,411.40129903531493,415.9166666666667,528.3031734293818,66.0,97.5,441.75,66.0,1514.0,12.0,4991.0,147.17831359465032,12.0,4991.0,5045.779116888842,6409.219282410927,800.6926589012146,1182.8414279222488,5359.181546509266,800.6926589012146,18367.40432691574,145.58048343658447,60549.34940266609,0.9784050141829738,406.93495214893517,411.40129903531493,522.567690242421,65.28347602403716,96.44149867187306,436.95417475179414,65.28347602403716,1497.5633742483674,11.8697229134613,4936.815588423779,169251.02884794463,171108.65695710474,217344.61183332696,27152.485736330786,40111.626655943204,181736.52384885037,27152.485736330786,622861.5667394669,4936.815588423779,2053303.883485257,172986.67361111112,219730.09488217038,27450.5,40551.875,183731.1875,27450.5,629697.8333333334,4991.0,2075840.0833333335,279104.24305555545,34868.0094463392,51509.55940936472,233377.9268624294,34868.0094463392,799851.004572084,6339.638081152581,2636761.1385860443,4356.0,6435.0,29155.5,4356.0,99924.0,792.0,329406.0,9506.25,43070.625,6435.0,147615.0,1170.0,486622.5,195143.0625,29155.5,668809.5,5301.0,2204774.25,4356.0,99924.0,792.0,329406.0,2292196.0,18168.0,7556374.0,144.0,59892.0,24910081.0
0.1835639476776123,38.133849748611226,31476.76912106795,825.4285714285714,616.3280335162106,188.0,938.0,1466.0,66.0,1466.0,7.0,5778.0,0.03369572288698919,7.0,5778.0,151.51892709732056,113.13560689661536,34.51002216339111,172.18298292160034,269.10474729537964,12.115220546722412,269.10474729537964,1.2849476337432861,1060.632489681244,1454.1904966496566,1200330.3842345306,31476.76912106795,23502.9606259642,7169.16375273891,35769.55106419733,55904.22373146406,2516.834083408341,55904.22373146406,266.9369482402786,220337.38384747566,990786994.3010169,25981824.56879009,19400015.21383159,5917632.594760775,29525209.43556174,46144943.53148562,2077466.7619904848,46144943.53148562,220337.38384747566,181872771.98153064,681332.3265306123,508734.7682366664,155180.57142857142,774252.0,1210078.2857142857,54478.28571428572,1210078.2857142857,5778.0,4769326.285714285,379860.2448979592,115869.67030104759,578115.6954382055,903536.8971347647,40677.65021206989,903536.8971347647,4314.296234613474,3561143.3776566647,35344.0,176344.0,275608.0,12408.0,275608.0,1316.0,1086264.0,879844.0,1375108.0,61908.0,1375108.0,6566.0,5419764.0,2149156.0,96756.0,2149156.0,10262.0,8470548.0,4356.0,96756.0,462.0,381348.0,2149156.0,10262.0,8470548.0,49.0,40446.0,33385284.0
12.125501871109009,0.9896497586291222,411.6118287764957,415.9166666666667,528.3031734293818,66.0,97.5,441.75,66.0,1514.0,12.0,4991.0,147.02779562626807,12.0,4991.0,5043.198319892089,6405.941117930796,800.2831234931946,1182.2364324331284,5356.440451562405,800.2831234931946,18358.00983285904,145.5060224533081,60518.37983870506,0.9794066447546798,407.35154699755054,411.61182877649577,522.835108067387,65.31688406952206,96.49085146633941,437.17778087441474,65.31688406952206,1498.329734564491,11.875797103549466,4939.341945317949,169424.29758873122,171196.21978529086,217455.835363694,27166.380699248715,40132.15330570833,181829.52536201698,27166.380699248715,623180.3087676145,4939.341945317949,2054354.6374234902,172986.67361111112,219730.09488217038,27450.5,40551.875,183731.1875,27450.5,629697.8333333334,4991.0,2075840.0833333335,279104.24305555545,34868.0094463392,51509.55940936472,233377.9268624294,34868.0094463392,799851.004572084,6339.638081152581,2636761.1385860443,4356.0,6435.0,29155.5,4356.0,99924.0,792.0,329406.0,9506.25,43070.625,6435.0,147615.0,1170.0,486622.5,195143.0625,29155.5,668809.5,5301.0,2204774.25,4356.0,99924.0,792.0,329406.0,2292196.0,18168.0,7556374.0,144.0,59892.0,24910081.0
0.19135689735412598,36.58086066814601,5513.258286413434,150.71428571428572,177.80142558139264,66.0,66.0,104.0,66.0,583.0,7.0,1055.0,0.036617462164997505,7.0,1055.0,28.840218101228988,34.023529144395816,12.629555225372314,12.629555225372314,19.9011173248291,12.629555225372314,111.56107115745544,1.3394982814788818,201.8815267086029,1338.1593672223116,201679.73320279125,5513.258286413435,6504.129175790656,2414.3368040976366,2414.3368040976366,3804.409509487185,2414.3368040976366,21326.641769529124,256.0660246770221,38592.80800489404,30396016.932706393,830926.7845951676,980265.1829227344,363875.04690328665,363875.04690328665,573378.8617869971,363875.04690328665,3214229.580979032,38592.80800489404,5816487.492166173,22714.79591836735,26797.21485548132,9947.142857142857,9947.142857142857,15674.285714285716,9947.142857142857,87866.42857142858,1055.0,159003.57142857145,31613.346938775503,11734.894088371913,11734.894088371913,18491.348260464834,11734.894088371913,103658.2311139519,1244.6099790697485,187580.50398836922,4356.0,4356.0,6864.0,4356.0,38478.0,462.0,69630.0,4356.0,6864.0,4356.0,38478.0,462.0,69630.0,10816.0,6864.0,60632.0,728.0,109720.0,4356.0,38478.0,462.0,69630.0,339889.0,4081.0,615065.0,49.0,7385.0,1113025.0
0.2108762264251709,33.194827689521176,5050.355927048578,152.14285714285714,177.66937880024602,66.0,66.0,109.0,66.0,583.0,7.0,1065.0,0.044468782871319945,7.0,1065.0,32.08331159182957,37.46624815270014,13.91783094406128,13.91783094406128,22.985508680343628,13.91783094406128,122.94084000587463,1.4761335849761963,224.583181142807,1101.8965853370019,167645.69476912954,5050.355927048578,5897.704414978433,2190.8586275083976,2190.8586275083976,3618.2362181578083,2190.8586275083976,19352.584542990844,232.36379382664825,35352.49148934005,25506094.989874706,768375.5803295337,897293.6002788616,333323.49118520616,333323.49118520616,550488.7960482951,333323.49118520616,2944357.5054693213,35352.49148934005,5378629.062306736,23147.448979591834,27031.126917466,10041.42857142857,10041.42857142857,16583.571428571428,10041.42857142857,88699.28571428571,1065.0,162032.14285714284,31566.40816326531,11726.179000816237,11726.179000816237,19365.962289226816,11726.179000816237,103581.24784054344,1243.6856516017222,189217.888422262,4356.0,4356.0,7194.0,4356.0,38478.0,462.0,70290.0,4356.0,7194.0,4356.0,38478.0,462.0,70290.0,11881.0,7194.0,63547.0,763.0,116085.0,4356.0,38478.0,462.0,70290.0,339889.0,4081.0,620895.0,49.0,7455.0,1134225.0
0.16969990730285645,35.35653080406253,5827.934827536307,164.83333333333334,188.37941914008428,66.0,72.0,117.0,66.0,583.0,6.0,989.0,0.02879805853859807,6.0,989.0,27.972201387087505,31.967969965838243,11.200193881988525,12.218393325805664,19.854889154434204,11.200193881988525,98.93504595756531,1.0181994438171387,167.83320832252502,1250.0842704986226,206055.5572538563,5827.934827536307,6660.442735677796,2333.531033068127,2545.670217892502,4136.714104075316,2333.531033068127,20612.857458768456,212.13918482437518,34967.60896521784,33964824.35401065,960637.9240722347,1097862.9775975568,384643.6986173963,419611.3075826141,681868.374821748,384643.6986173963,3397686.004453667,34967.60896521784,5763827.5444334075,27170.02777777778,31051.207588257228,10879.0,11868.0,19285.5,10879.0,96097.83333333334,989.0,163020.1666666667,35486.805555555555,12433.041663245562,13563.318178086069,22040.392039389862,12433.041663245562,109825.20135866913,1130.2765148405056,186307.24552954335,4356.0,4752.0,7722.0,4356.0,38478.0,396.0,65274.0,5184.0,8424.0,4752.0,41976.0,432.0,71208.0,13689.0,7722.0,68211.0,702.0,115713.0,4356.0,38478.0,396.0,65274.0,339889.0,3498.0,576587.0,36.0,5934.0,978121.0
0.20055103302001953,39.89009619911267,30316.473111325628,760.0,614.2418090621966,72.0,738.0,1466.0,66.0,1466.0,8.0,6080.0,0.040220716845396964,8.0,6080.0,152.41878509521484,123.18682933150912,14.439674377441406,148.0066623687744,294.00781440734863,13.236368179321289,294.00781440734863,1.6044082641601562,1219.3502807617188,1591.219774774463,1209327.0288285918,30316.473111325628,24502.164853008017,2872.0869263361124,29438.890994945148,58478.88102789917,2632.746349141436,58478.88102789917,319.12076959290135,242531.78489060502,919088541.9097297,23040519.56460748,18621645.288286094,2182786.0640154453,22373557.156158313,44443949.58120337,2000887.2253474914,44443949.58120337,242531.78489060502,184324156.51685983,577600.0,466823.7748872694,54720.0,560880.0,1114160.0,50160.0,1114160.0,6080.0,4620800.0,377292.99999999994,44225.410252478156,453310.4550879011,900478.4920851801,40539.95939810498,900478.4920851801,4913.934472497573,3734590.1990981554,5184.0,53136.0,105552.0,4752.0,105552.0,576.0,437760.0,544644.0,1081908.0,48708.0,1081908.0,5904.0,4487040.0,2149156.0,96756.0,2149156.0,11728.0,8913280.0,4356.0,96756.0,528.0,401280.0,2149156.0,11728.0,8913280.0,64.0,48640.0,36966400.0
0.17367196083068848,57.57981859690596,39689.76895884728,689.3,662.567438077061,87.5,291.5,1494.0,66.0,1494.0,10.0,6893.0,0.030161949978776192,10.0,6893.0,119.71208260059356,115.06938615340894,15.196296572685242,50.62537658214569,259.4659094810486,11.46234941482544,259.4659094810486,1.7367196083068848,1197.1208260059357,3315.4355096525974,2285329.6968035353,39689.76895884727,38150.51289269389,5038.2341272292715,16784.517120998087,86024.2489837775,3800.268027395793,86024.2489837775,575.7981859690595,396897.6895884728,1575277760.006677,27358157.74333343,26297148.5369339,3472854.783899137,11569567.651503982,59296514.82451783,2619524.7512839204,59296514.82451783,396897.6895884728,273581577.4333343,475134.48999999993,456707.7350665181,60313.74999999999,200930.94999999998,1029814.2,45493.799999999996,1029814.2,6893.0,4751344.899999999,438995.61,57974.65083174283,193138.40819946327,989875.7524871291,43729.450913086024,989875.7524871291,6625.67438077061,4567077.350665181,7656.25,25506.25,130725.0,5775.0,130725.0,875.0,603137.5,84972.25,435501.0,19239.0,435501.0,2915.0,2009309.5,2232036.0,98604.0,2232036.0,14940.0,10298142.0,4356.0,98604.0,660.0,454938.0,2232036.0,14940.0,10298142.0,100.0,68930.0,47513449.0
0.17838501930236816,33.6351114205942,26549.314614655686,789.3333333333334,720.6716003531398,68.0,792.0,1510.0,66.0,1510.0,6.0,4736.0,0.03182121511150626,6.0,4736.0,140.80524190266928,128.5570173396634,12.130181312561035,141.2809352874756,269.3613791465759,11.773411273956299,269.3613791465759,1.070310115814209,844.8314514160156,1131.3207202757865,892989.155204354,26549.31461465569,24239.86957553579,2287.1875766004055,26639.008245110606,50789.01824509724,2219.9173537592173,50789.01824509724,201.8106685235652,159295.88768793413,704866106.50797,20956259.002501555,19133337.051622916,1805353.3937965867,21027057.174807303,40089465.06813008,1752254.7645672753,40089465.06813008,159295.88768793413,125737554.01500933,623047.1111111111,568850.1165454116,53674.66666666667,625152.0,1191893.3333333335,52096.0,1191893.3333333335,4736.0,3738282.666666667,519367.55555555556,49005.668824013504,570771.9074796867,1088214.116533241,47564.325623307224,1088214.116533241,4324.029602118839,3413100.69927247,4624.0,53856.0,102680.0,4488.0,102680.0,408.0,322048.0,627264.0,1195920.0,52272.0,1195920.0,4752.0,3750912.0,2280100.0,99660.0,2280100.0,9060.0,7151360.0,4356.0,99660.0,396.0,312576.0,2280100.0,9060.0,7151360.0,36.0,28416.0,22429696.0
0.19899296760559082,35.17712250954607,5301.694892510157,150.71428571428572,177.80142558139264,66.0,66.0,104.0,66.0,583.0,7.0,1055.0,0.03959820115647972,7.0,1055.0,29.99108297484262,35.38123332094593,13.133535861968994,13.133535861968994,20.695268630981445,13.133535861968994,116.01290011405945,1.3929507732391357,209.93758082389832,1237.4299480516127,186498.37074206446,5301.694892510158,6254.542530048587,2321.6900856300404,2321.6900856300404,3658.420740992791,2321.6900856300404,20508.262423065356,246.23985756682248,37111.8642475711,28107968.733268283,799041.1587997451,942648.909885894,349911.86290567036,349911.86290567036,551376.2688210564,349911.86290567036,3090888.1223334214,37111.864247571095,5593288.111598216,22714.79591836735,26797.21485548132,9947.142857142857,9947.142857142857,15674.285714285716,9947.142857142857,87866.42857142858,1055.0,159003.57142857145,31613.346938775503,11734.894088371913,11734.894088371913,18491.348260464834,11734.894088371913,103658.2311139519,1244.6099790697485,187580.50398836922,4356.0,4356.0,6864.0,4356.0,38478.0,462.0,69630.0,4356.0,6864.0,4356.0,38478.0,462.0,69630.0,10816.0,6864.0,60632.0,728.0,109720.0,4356.0,38478.0,462.0,69630.0,339889.0,4081.0,615065.0,49.0,7385.0,1113025.0
16.15456485748291,5.385474679604321,748.9523925118699,139.06896551724137,93.12996642357541,66.0,66.0,204.0,66.0,583.0,87.0,12099.0,260.96996573462184,87.0,12099.0,2246.59862311133,1504.4740827648548,1066.201280593872,1066.201280593872,3295.5312309265137,1066.201280593872,9418.111311912537,1405.4471426010132,195454.08021068573,29.003337524659262,4033.464146101752,748.9523925118698,501.54907608656595,355.4413288538852,355.4413288538852,1098.6368346392815,355.4413288538852,3139.731738209319,468.5362971255759,65158.85814853268,560929.686249254,104156.03444828866,69749.91116748692,49430.857905783414,49430.857905783414,152786.28807242145,49430.857905783414,436639.24483442015,65158.85814853268,9061574.997001113,19340.17717003567,12951.488089182056,9178.55172413793,9178.55172413793,28370.06896551724,9178.55172413793,81077.20689655171,12098.999999999998,1682595.4137931033,8673.190646056284,6146.577783955977,6146.577783955977,18998.513150409384,6146.577783955977,54294.770424944465,8102.30707885106,1126779.4637588388,4356.0,4356.0,13464.0,4356.0,38478.0,5742.0,798534.0,4356.0,13464.0,4356.0,38478.0,5742.0,798534.0,41616.0,13464.0,118932.0,17748.0,2468196.0,4356.0,38478.0,5742.0,798534.0,339889.0,50721.0,7053717.0,7569.0,1052613.0,146385801.0
0.17997097969055176,33.338708331290995,5495.330423274465,164.83333333333334,188.37941914008428,66.0,72.0,117.0,66.0,583.0,6.0,989.0,0.03238955353077699,6.0,988.9999999999999,29.665216485659283,33.90282861617805,11.878084659576416,12.957910537719727,21.056604623794556,11.878084659576416,104.92308115959167,1.0798258781433105,177.9912989139557,1111.4694731988916,183207.21816561726,5495.330423274466,6280.326510329286,2200.3547498652056,2400.3869998529517,3900.6288747610465,2200.3547498652056,19436.46695714265,200.03224998774596,32971.98253964679,30198656.46096591,905813.6314364077,1035207.1531192772,362691.80793611467,395663.79047576146,642953.6595231124,362691.80793611467,3203777.636769013,32971.98253964679,5434881.788618445,27170.02777777778,31051.207588257228,10879.0,11868.0,19285.5,10879.0,96097.83333333334,989.0,163020.1666666667,35486.805555555555,12433.041663245562,13563.318178086069,22040.392039389862,12433.041663245562,109825.20135866913,1130.2765148405056,186307.24552954335,4356.0,4752.0,7722.0,4356.0,38478.0,396.0,65274.0,5184.0,8424.0,4752.0,41976.0,432.0,71208.0,13689.0,7722.0,68211.0,702.0,115713.0,4356.0,38478.0,396.0,65274.0,339889.0,3498.0,576587.0,36.0,5934.0,978121.0
16.138935089111328,5.266766334375314,2975.9088647926774,565.035294117647,555.6074883470042,66.0,467.0,945.0,66.0,1514.0,85.0,48028.0,260.4652258105489,85.0,48028.0,9119.067934821633,8966.913189456478,1065.1697158813477,7536.88268661499,15251.293659210205,1065.1697158813477,24434.34772491455,1371.809482574463,775120.7744598389,27.73882762090918,15673.41662325913,2975.908864792677,2926.254814752826,347.6065780687707,2459.5798781532717,4977.094185984672,347.6065780687707,7973.884230244225,447.6751384219017,252952.25350737758,8856033.571551641,1681493.5406854434,1653437.2499170438,196409.98507631672,1389749.4398581802,2812233.87722908,196409.98507631672,4505526.021296114,252952.25350737758,142926950.9582627,319264.8835986159,313937.84059211664,37292.3294117647,263871.4823529412,533958.3529411764,37292.3294117647,855463.4352941175,48028.0,27137515.10588235,308699.68110726634,36670.09423090227,259468.69705805095,525049.076487919,36670.09423090227,841189.7373573643,47226.63650949535,26684716.450329915,4356.0,30822.0,62370.0,4356.0,99924.0,5610.0,3169848.0,218089.0,441315.0,30822.0,707038.0,39695.0,22429076.0,893025.0,62370.0,1430730.0,80325.0,45386460.0,4356.0,99924.0,5610.0,3169848.0,2292196.0,128690.0,72714392.0,7225.0,4082380.0,2306688784.0
0.18287086486816406,32.81003786100942,25898.056551623435,789.3333333333334,720.6716003531398,68.0,792.0,1510.0,66.0,1510.0,6.0,4736.0,0.03344175321763032,6.0,4736.0,144.3460693359375,131.78983884250255,12.435218811035156,144.83372497558594,276.13500595092773,12.069477081298828,276.13500595092773,1.0972251892089844,866.076416015625,1076.4985844408716,849716.215985328,25898.05655162344,23645.262492940765,2231.0825745486404,25985.54998591946,49543.15717012422,2165.462498826622,49543.15717012422,196.86022716605652,155388.3393097406,670709333.1510855,20442199.3047481,18663993.861094575,1761067.8455103936,20511260.78888576,39106065.392951384,1709271.7324071466,39106065.392951384,155388.3393097406,122653195.82848859,623047.1111111111,568850.1165454116,53674.66666666667,625152.0,1191893.3333333335,52096.0,1191893.3333333335,4736.0,3738282.666666667,519367.55555555556,49005.668824013504,570771.9074796867,1088214.116533241,47564.325623307224,1088214.116533241,4324.029602118839,3413100.69927247,4624.0,53856.0,102680.0,4488.0,102680.0,408.0,322048.0,627264.0,1195920.0,52272.0,1195920.0,4752.0,3750912.0,2280100.0,99660.0,2280100.0,9060.0,7151360.0,4356.0,99660.0,396.0,312576.0,2280100.0,9060.0,7151360.0,36.0,28416.0,22429696.0
12.062649011611938,0.8290053030950035,109.01419735699297,131.5,155.05047565228557,66.0,66.0,75.0,66.0,583.0,10.0,1315.0,145.50750117734248,10.0,1315.0,1586.23834502697,1870.3194668770034,796.1348347663879,796.1348347663879,904.6986758708954,796.1348347663879,7032.52437376976,120.62649011611938,15862.3834502697,0.6872497925596387,90.37334772159248,109.01419735699297,128.53766656314747,54.71435000427023,54.71435000427023,62.17539773212526,54.71435000427023,483.31009170438705,8.290053030950036,1090.1419735699296,11884.095225389412,14335.366952444576,16902.70315305389,7194.937025561536,7194.937025561536,8176.0648017744725,7194.937025561536,63555.2770591269,1090.1419735699296,143353.66952444575,17292.25,20389.137548275554,8679.0,8679.0,9862.5,8679.0,76664.5,1315.0,172922.5,24040.65,10233.331393050848,10233.331393050848,11628.785673921418,10233.331393050848,90394.42730528249,1550.5047565228556,203891.37548275554,4356.0,4356.0,4950.0,4356.0,38478.0,660.0,86790.0,4356.0,4950.0,4356.0,38478.0,660.0,86790.0,5625.0,4950.0,43725.0,750.0,98625.0,4356.0,38478.0,660.0,86790.0,339889.0,5830.0,766645.0,100.0,13150.0,1729225.0
12.062777042388916,0.8289965042759008,109.01304031228095,131.5,155.05047565228557,66.0,66.0,75.0,66.0,583.0,10.0,1315.0,145.51058997438508,10.0,1315.0,1586.2551810741425,1870.339318109872,796.1432847976685,796.1432847976685,904.7082781791687,796.1432847976685,7032.599015712738,120.62777042388916,15862.551810741425,0.6872352041016636,90.37142933936876,109.01304031228095,128.5363023020604,54.71376928220945,54.71376928220945,62.174737820692556,54.71376928220945,483.30496199285017,8.289965042759007,1090.1304031228094,11883.842958126992,14335.214801064945,16902.523752720943,7194.860660610542,7194.860660610542,8175.978023421071,7194.860660610542,63554.602502059795,1090.1304031228094,143352.14801064946,17292.25,20389.137548275554,8679.0,8679.0,9862.5,8679.0,76664.5,1315.0,172922.5,24040.65,10233.331393050848,10233.331393050848,11628.785673921418,10233.331393050848,90394.42730528249,1550.5047565228556,203891.37548275554,4356.0,4356.0,4950.0,4356.0,38478.0,660.0,86790.0,4356.0,4950.0,4356.0,38478.0,660.0,86790.0,5625.0,4950.0,43725.0,750.0,98625.0,4356.0,38478.0,660.0,86790.0,339889.0,5830.0,766645.0,100.0,13150.0,1729225.0
12.062612056732178,0.9119086271087421,114.48598309428844,125.54545454545455,149.02920008957588,66.0,66.0,72.0,66.0,583.0,11.0,1381.0,145.5066096312205,11.0,1381.0,1514.4061136679215,1797.6814258056702,796.1323957443237,796.1323957443237,868.5080680847168,796.1323957443237,7032.50282907486,132.68873262405396,16658.467250347137,0.8315773441953509,104.40075566670723,114.48598309428844,135.90101325279917,60.185969389176975,60.185969389176975,65.65742115182942,60.185969389176975,531.6427296043967,10.030994898196163,1259.3458140371729,13107.0403250657,14373.194786655667,17061.754482010514,7556.074884223037,7556.074884223037,8242.990782788767,7556.074884223037,66745.32814397017,1259.3458140371729,158105.14265321233,15761.661157024793,18709.9386657913,8286.0,8286.0,9039.272727272728,8286.0,73193.0,1381.0,173378.27272727274,22209.702479338845,9835.927205912009,9835.927205912009,10730.102406449463,9835.927205912009,86884.02365222274,1639.3212009853346,205809.32532370428,4356.0,4356.0,4752.0,4356.0,38478.0,726.0,91146.0,4356.0,4752.0,4356.0,38478.0,726.0,91146.0,5184.0,4752.0,41976.0,792.0,99432.0,4356.0,38478.0,726.0,91146.0,339889.0,6413.0,805123.0,121.0,15191.0,1907161.0
12.060534000396729,0.9120657509558165,408.19088108686225,447.54545454545456,570.4488445930281,66.0,97.0,674.0,66.0,1514.0,11.0,4923.0,145.45648037472552,11.0,4923.0,5397.637171268463,6879.917685701244,795.9952440261841,1169.8717980384827,8128.799916267395,795.9952440261841,18259.648476600647,132.665874004364,59374.008883953094,0.8318639340665975,372.29692249180545,408.19088108686225,520.286853825618,60.19633956308389,88.4703778427142,614.7323161442204,60.19633956308389,1380.8675469471063,10.032723260513983,4490.099691955485,166619.7954024689,182683.97341732937,232852.0164894107,26940.59815173291,39594.51546542564,275120.65385254513,26940.59815173291,618000.9939655095,4490.099691955485,2009523.7075906228,200296.93388429753,255301.7874483161,29538.0,43411.909090909096,301645.63636363635,29538.0,677583.8181818182,4923.0,2203266.272727273,325411.8842975207,37649.623743139855,55333.53792552372,384482.5212557009,37649.623743139855,863659.5507138445,6274.937290523309,2808319.661931477,4356.0,6402.0,44484.0,4356.0,99924.0,726.0,324918.0,9409.0,65378.0,6402.0,146858.0,1067.0,477531.0,454276.0,44484.0,1020436.0,7414.0,3318102.0,4356.0,99924.0,726.0,324918.0,2292196.0,16654.0,7453422.0,121.0,54153.0,24235929.0
12.06045389175415,0.9120718091315624,408.19359239588016,447.54545454545456,570.4488445930281,66.0,97.0,674.0,66.0,1514.0,11.0,4923.0,145.45454807512783,11.0,4923.0,5397.601319009607,6879.871987818644,795.9899568557739,1169.8640275001526,8128.745923042297,795.9899568557739,18259.527192115784,132.66499280929565,59373.61450910568,0.8318749850125212,372.301868292422,408.19359239588016,520.2903097049726,60.196739402683114,88.47096548576155,614.736399354673,60.196739402683114,1380.8767190251854,10.032789900447186,4490.129516354682,166622.00887305394,182685.18685135618,232853.5631525073,26940.777098128092,39594.778462400376,275122.48127482325,26940.777098128092,618005.0988873625,4490.129516354682,2009537.055364918,200296.93388429753,255301.7874483161,29538.0,43411.909090909096,301645.63636363635,29538.0,677583.8181818182,4923.0,2203266.272727273,325411.8842975207,37649.623743139855,55333.53792552372,384482.5212557009,37649.623743139855,863659.5507138445,6274.937290523309,2808319.661931477,4356.0,6402.0,44484.0,4356.0,99924.0,726.0,324918.0,9409.0,65378.0,6402.0,146858.0,1067.0,477531.0,454276.0,44484.0,1020436.0,7414.0,3318102.0,4356.0,99924.0,726.0,324918.0,2292196.0,16654.0,7453422.0,121.0,54153.0,24235929.0
12.060401916503906,0.9120757397767306,408.27826751460196,447.6363636363636,570.5407758079208,66.0,97.0,674.5,66.0,1514.0,11.0,4924.0,145.4532943876111,11.0,4924.0,5398.674457896839,6880.951065997473,795.9865264892578,1169.858985900879,8134.741092681885,795.9865264892578,18259.448501586914,132.66442108154297,59385.419036865234,0.8318821550892704,372.38070287814253,408.27826751460196,520.3764001677991,60.196998825264224,88.47134675834288,615.1950864794048,60.196998825264224,1380.8826700219702,10.032833137544037,4491.060942660622,166691.14372472488,182760.1990219909,232939.39949329483,26946.36565596373,39602.99194891639,275383.691438599,26946.36565596373,618133.2970171074,4491.060942660622,2010362.1892419,200378.31404958677,255394.79818892744,29544.0,43420.72727272727,301930.7272727273,29544.0,677721.4545454546,4924.0,2204161.4545454546,325516.7768595041,37655.69120332277,55342.455253368316,384829.7532824426,37655.69120332277,863798.7345731921,6275.948533887129,2809342.780078202,4356.0,6402.0,44517.0,4356.0,99924.0,726.0,324984.0,9409.0,65426.5,6402.0,146858.0,1067.0,477628.0,454950.25,44517.0,1021193.0,7419.5,3321238.0,4356.0,99924.0,726.0,324984.0,2292196.0,16654.0,7454936.0,121.0,54164.0,24245776.0
0.19799304008483887,35.354778112405064,24253.377785109875,686.0,713.6097372814199,66.0,74.0,1510.0,66.0,1510.0,7.0,4802.0,0.03920124392203661,7.0,4802.0,135.82322549819946,141.28976131849151,13.067540645599365,14.651484966278076,298.9694905281067,13.067540645599365,298.9694905281067,1.385951280593872,950.7625784873962,1249.9603353773962,857472.7900688938,24253.377785109875,25229.513920436275,2333.415355418734,2616.253580317975,53385.71494973165,2333.415355418734,53385.71494973165,247.48344678683546,169773.6444957691,588226333.9872612,16637817.160585374,17307446.549419284,1600722.9338172518,1794749.9560981307,36622600.45551591,1600722.9338172518,36622600.45551591,169773.6444957691,116464720.12409762,470596.0,489536.2797750541,45276.0,50764.0,1035860.0,45276.0,1035860.0,4802.0,3294172.0,509238.85714285716,47098.24266057371,52807.120558825074,1077550.703294944,47098.24266057371,1077550.703294944,4995.268160969939,3426753.9584253784,4356.0,4884.0,99660.0,4356.0,99660.0,462.0,316932.0,5476.0,111740.0,4884.0,111740.0,518.0,355348.0,2280100.0,99660.0,2280100.0,10570.0,7251020.0,4356.0,99660.0,462.0,316932.0,2280100.0,10570.0,7251020.0,49.0,33614.0,23059204.0
0.16864991188049316,47.43554212864856,6646.905340776879,140.125,168.66122664975492,66.0,66.0,91.0,66.0,583.0,8.0,1121.0,0.02844279277729811,8.0,1121.0,23.632068902254105,28.444701012137052,11.130894184112549,11.130894184112549,15.347141981124878,11.130894184112549,98.32289862632751,1.3491992950439453,189.05655121803284,2250.130657038792,315299.5583175607,6646.905340776879,8000.536722213992,3130.745780490805,3130.745780490805,4316.634333707018,3130.745780490805,27654.921061002107,379.48433702918845,53175.24272621503,44181350.6092482,931397.6108763601,1121075.2082002356,438695.752491274,438695.752491274,604868.386010696,438695.752491274,3875145.81367292,53175.24272621503,7451180.887010881,19635.015625,23633.654384296908,9248.25,9248.25,12751.375,9248.25,81692.875,1121.0,157080.125,28446.609375,11131.640958883825,11131.640958883825,15348.171625127698,11131.640958883825,98329.49513680712,1349.2898131980394,189069.23507437526,4356.0,4356.0,6006.0,4356.0,38478.0,528.0,73986.0,4356.0,6006.0,4356.0,38478.0,528.0,73986.0,8281.0,6006.0,53053.0,728.0,102011.0,4356.0,38478.0,528.0,73986.0,339889.0,4664.0,653543.0,64.0,8968.0,1256641.0
0.04239797592163086,94.34412641286622,15000.71609964573,159.0,154.23034720832342,66.0,72.0,165.0,66.0,426.0,4.0,636.0,0.0017975883622511901,4.0,636.0,6.741278171539307,6.539054547323263,2.7982664108276367,3.052654266357422,6.995666027069092,2.7982664108276367,18.061537742614746,0.16959190368652344,26.965112686157227,8900.81418860688,1415229.4559884942,15000.716099645728,14550.727373722313,6226.71234324917,6792.777101726368,15566.780858122926,6226.71234324917,40190.59785188101,377.37650565146487,60002.86439858291,225021483.5021706,2385113.859843671,2313565.652421848,990047.2625766181,1080051.5591744925,2475118.1564415456,990047.2625766181,6390305.058449081,60002.86439858292,9540455.439374683,25281.0,24522.625206123423,10494.0,11448.0,26235.0,10494.0,67734.0,636.0,101124.0,23786.999999999996,10179.202915749345,11104.584998999286,25448.007289373363,10179.202915749345,65702.12791074578,616.9213888332937,98090.50082449369,4356.0,4752.0,10890.0,4356.0,28116.0,264.0,41976.0,5184.0,11880.0,4752.0,30672.0,288.0,45792.0,27225.0,10890.0,70290.0,660.0,104940.0,4356.0,28116.0,264.0,41976.0,181476.0,1704.0,270936.0,16.0,2544.0,404496.0
12.032657861709595,0.8310715816014405,109.28591298058943,131.5,155.05047565228557,66.0,66.0,75.0,66.0,583.0,10.0,1315.0,144.78485521696172,10.0,1315.0,1582.2945088148117,1865.669324819286,794.1554188728333,794.1554188728333,902.4493396282196,794.1554188728333,7015.039533376694,120.32657861709595,15822.945088148117,0.6906799737455197,90.82441654753585,109.28591298058942,128.8580440284006,54.850724385695074,54.850724385695074,62.33036862010803,54.850724385695074,484.5147320736398,8.310715816014405,1092.859129805894,11943.410776000965,14371.09755694751,16944.832789734683,7212.870256718902,7212.870256718902,8196.443473544206,7212.870256718902,63713.687267683636,1092.8591298058943,143710.9755694751,17292.25,20389.137548275554,8679.0,8679.0,9862.5,8679.0,76664.5,1315.0,172922.5,24040.65,10233.331393050848,10233.331393050848,11628.785673921418,10233.331393050848,90394.42730528249,1550.5047565228556,203891.37548275554,4356.0,4356.0,4950.0,4356.0,38478.0,660.0,86790.0,4356.0,4950.0,4356.0,38478.0,660.0,86790.0,5625.0,4950.0,43725.0,750.0,98625.0,4356.0,38478.0,660.0,86790.0,339889.0,5830.0,766645.0,100.0,13150.0,1729225.0
0.1868760585784912,48.16026230679433,6351.803484240541,131.88888888888889,160.71261061247353,66.0,66.0,78.0,66.0,583.0,9.0,1187.0,0.03492266126983168,9.0,1187.0,24.64687572585212,30.033339235118852,12.33381986618042,12.33381986618042,14.576332569122314,12.33381986618042,108.94874215126038,1.681884527206421,221.82188153266907,2319.4108654592346,305904.5219222346,6351.8034842405405,7739.961483106423,3178.5773122484256,3178.5773122484256,3756.5004599299577,3178.5773122484256,28077.432924861096,433.44236076114896,57166.23135816487,40345407.50241028,837732.303977058,1020814.9200497027,419219.02995987574,419219.02995987574,495440.67177076224,419219.02995987574,3703101.4313122355,57166.23135816487,7539590.735793523,17394.679012345678,21196.207644111786,8704.666666666666,8704.666666666666,10287.333333333334,8704.666666666666,76891.22222222222,1187.0,156552.1111111111,25828.543209876538,10607.032300423252,10607.032300423252,12535.583627772936,10607.032300423252,93695.45198707207,1446.4134955122618,190765.8687970061,4356.0,4356.0,5148.0,4356.0,38478.0,594.0,78342.0,4356.0,5148.0,4356.0,38478.0,594.0,78342.0,6084.0,5148.0,45474.0,702.0,92586.0,4356.0,38478.0,594.0,78342.0,339889.0,5247.0,692021.0,81.0,10683.0,1408969.0
0.026484012603759766,113.27588628220593,35681.90417889487,315.0,346.49771524018263,70.0,74.0,439.5,66.0,805.0,3.0,945.0,0.0007014029235961061,3.0,944.9999999999999,8.342463970184326,9.17664985759496,1.8538808822631836,1.9598169326782227,11.639723539352417,1.7479448318481445,21.31963014602661,0.0794520378112793,25.02739191055298,12831.42641301925,4041899.3201010637,35681.90417889487,39249.8357885911,7929.312039754415,8382.41558488324,49784.752021029504,7476.208494625592,91187.08845717578,339.8276588466178,107045.7125366846,1273198285.831835,11239799.816351883,12363698.273406196,2497733.292522641,2640460.90923822,15682196.886624293,2355005.675807061,28723932.864010368,107045.7125366846,33719399.44905565,99225.0,109146.78030065753,22050.0,23310.0,138442.5,20790.0,253575.0,945.0,297675.0,120060.66666666669,24254.840066812783,25640.830927773513,152285.74584806027,22868.849205852053,278930.66076834704,1039.493145720548,327440.3409019726,4900.0,5180.0,30765.0,4620.0,56350.0,210.0,66150.0,5476.0,32523.0,4884.0,59570.0,222.0,69930.0,193160.25,29007.0,353797.5,1318.5,415327.5,4356.0,53130.0,198.0,62370.0,648025.0,2415.0,760725.0,9.0,2835.0,893025.0
0.15058302879333496,59.76769143322181,45815.25591086637,766.5555555555555,662.8083535836334,74.0,505.0,1494.0,66.0,1494.0,9.0,6899.0,0.022675248560574346,9.0,6899.0,115.4302572939131,99.80768939214721,11.143144130706787,76.04442954063416,224.97104501724243,9.938479900360107,224.97104501724243,1.3552472591400146,1038.872315645218,3572.1769392568162,2738272.078214753,45815.25591086636,39614.52515634838,4422.809166058414,30182.684173777016,89292.93100123339,3944.66763459264,89292.93100123339,537.9092228989963,412337.3031977973,2099037674.178176,35119938.94767412,30366734.33929417,3390328.9374041115,23136704.234987516,68447992.33083436,3023806.8901171805,68447992.33083436,412337.30319779733,316079450.5290671,587607.4197530864,508079.4257081652,56725.11111111111,387110.55555555556,1145234.0,50592.666666666664,1145234.0,6899.0,5288466.777777778,439314.91358024685,49047.81816518887,334718.2185597349,990235.6802539483,43745.35133651981,990235.6802539483,5965.275182252701,4572714.831373488,5476.0,37370.0,110556.0,4884.0,110556.0,666.0,510526.0,255025.0,754470.0,33330.0,754470.0,4545.0,3483995.0,2232036.0,98604.0,2232036.0,13446.0,10307106.0,4356.0,98604.0,594.0,455334.0,2232036.0,13446.0,10307106.0,81.0,62091.0,47596201.0
0.08475995063781738,70.78814882323654,35653.630957303474,503.6666666666667,559.257146181929,77.0,144.0,1020.25,75.0,1292.0,6.0,3022.0,0.007184249232125239,6.0,3022.0,42.69076180458069,47.40260810422692,6.5265161991119385,12.205432891845703,86.47633963823318,6.356996297836304,109.50985622406006,0.5085597038269043,256.14457082748413,5010.962013820685,2523854.534294352,35653.630957303474,39588.77809438494,5450.6874593892135,10193.493430546061,72221.60883690708,5309.1111617427405,91458.28827962161,424.7288929394192,213921.78574382083,1271181400.4395885,17957545.458828516,19939547.900205217,2745329.5837123673,5134122.8578517,36375616.98418887,2674022.3217977607,46064491.19683609,213921.78574382083,107745272.7529711,253680.11111111112,281679.18262696493,38782.333333333336,72528.0,513865.9166666667,37775.0,650737.3333333334,3022.0,1522080.6666666667,312768.5555555555,43062.80025600853,80533.02905019777,570582.103392113,41944.285963644674,722560.2328670522,3355.542877091574,1690075.0957617895,5929.0,11088.0,78559.25,5775.0,99484.0,462.0,232694.0,20736.0,146916.0,10800.0,186048.0,864.0,435168.0,1040910.0625,76518.75,1318163.0,6121.5,3083195.5,5625.0,96900.0,450.0,226650.0,1669264.0,7752.0,3904424.0,36.0,18132.0,9132484.0
0.15479278564453125,45.22174577357189,6815.563113016906,150.71428571428572,177.80142558139264,66.0,66.0,104.0,66.0,583.0,7.0,1055.0,0.0239608064875938,7.000000000000001,1055.0,23.32948412214007,27.522377957312585,10.216323852539062,10.216323852539062,16.09844970703125,10.216323852539062,90.24419403076172,1.0835494995117188,163.30638885498047,2045.006290809567,308211.6624005847,6815.563113016907,8040.490865820399,2984.6352210557448,2984.6352210557448,4703.061560451477,2984.6352210557448,26364.27778599241,316.5522204150032,47708.94179111834,46451900.547516696,1027202.7263189766,1211816.8376343602,449827.16545911576,449827.16545911576,708818.5637537582,449827.16545911576,3973473.294888856,47708.94179111834,7190419.084232836,22714.79591836735,26797.21485548132,9947.142857142857,9947.142857142857,15674.285714285716,9947.142857142857,87866.42857142858,1055.0,159003.57142857145,31613.346938775503,11734.894088371913,11734.894088371913,18491.348260464834,11734.894088371913,103658.2311139519,1244.6099790697485,187580.50398836922,4356.0,4356.0,6864.0,4356.0,38478.0,462.0,69630.0,4356.0,6864.0,4356.0,38478.0,462.0,69630.0,10816.0,6864.0,60632.0,728.0,109720.0,4356.0,38478.0,462.0,69630.0,339889.0,4081.0,615065.0,49.0,7385.0,1113025.0
12.026800870895386,0.9146239401551727,409.3357870349014,447.54545454545456,570.4488445930281,66.0,97.0,674.0,66.0,1514.0,11.0,4923.0,144.64393918817,11.0,4923.0,5382.540062492544,6860.674660952696,793.7688574790955,1166.5996844768524,8106.06378698349,793.7688574790955,18208.576518535614,132.29480957984924,59207.940687417984,0.8365369519049729,374.38831038438013,409.3357870349014,521.7461698986411,60.3651800502414,88.71852219505175,616.4565356645863,60.3651800502414,1384.7406453949313,10.060863341706899,4502.693657383915,167555.78654748213,183196.37087025633,233505.1267646373,27016.16194430349,39705.57134238543,275892.32046152354,27016.16194430349,619734.3815708407,4502.693657383916,2015160.0795728196,200296.93388429753,255301.7874483161,29538.0,43411.909090909096,301645.63636363635,29538.0,677583.8181818182,4923.0,2203266.272727273,325411.8842975207,37649.623743139855,55333.53792552372,384482.5212557009,37649.623743139855,863659.5507138445,6274.937290523309,2808319.661931477,4356.0,6402.0,44484.0,4356.0,99924.0,726.0,324918.0,9409.0,65378.0,6402.0,146858.0,1067.0,477531.0,454276.0,44484.0,1020436.0,7414.0,3318102.0,4356.0,99924.0,726.0,324918.0,2292196.0,16654.0,7453422.0,121.0,54153.0,24235929.0
0.13988494873046875,50.04112353422416,7613.399509135533,152.14285714285714,177.66937880024602,66.0,66.0,109.0,66.0,583.0,7.0,1065.0,0.01956779888132587,7.0,1065.0,21.2824957711356,24.853271944446647,9.232406616210938,9.232406616210938,15.247459411621094,9.232406616210938,81.55292510986328,0.9791946411132812,148.97747039794922,2504.1140445674832,380983.0653520528,7613.399509135533,8890.775332791978,3302.714153258795,3302.714153258795,5454.482465230433,3302.714153258795,29173.975020452686,350.28786473956916,53293.79656394873,57963852.08570517,1158324.353889906,1352667.9613462081,502484.3676029452,502484.3676029452,829860.546495773,502484.3676029452,4438611.913826016,53293.79656394873,8108270.477229343,23147.448979591834,27031.126917466,10041.42857142857,10041.42857142857,16583.571428571428,10041.42857142857,88699.28571428571,1065.0,162032.14285714284,31566.40816326531,11726.179000816237,11726.179000816237,19365.962289226816,11726.179000816237,103581.24784054344,1243.6856516017222,189217.888422262,4356.0,4356.0,7194.0,4356.0,38478.0,462.0,70290.0,4356.0,7194.0,4356.0,38478.0,462.0,70290.0,11881.0,7194.0,63547.0,763.0,116085.0,4356.0,38478.0,462.0,70290.0,339889.0,4081.0,620895.0,49.0,7455.0,1134225.0
0.17390799522399902,51.75150221476427,6825.448125436133,131.88888888888889,160.71261061247353,66.0,66.0,78.0,66.0,583.0,9.0,1187.0,0.030243990802830467,9.0,1187.0,22.936532258987427,27.94920791883046,11.477927684783936,11.477927684783936,13.564823627471924,11.477927684783936,101.38836121559143,1.5651719570159912,206.42879033088684,2678.2179814847514,353227.1937802667,6825.448125436133,8317.119024051972,3415.599146174442,3415.599146174442,4036.6171727516135,3415.599146174442,30171.12579120757,465.76351993287847,61429.03312892519,46586742.113019615,900200.7694325211,1096935.5868388545,450479.5762787848,450479.5762787848,532384.9537840183,450479.5762787848,3979236.2571292655,61429.03312892519,8101806.924892689,17394.679012345678,21196.207644111786,8704.666666666666,8704.666666666666,10287.333333333334,8704.666666666666,76891.22222222222,1187.0,156552.1111111111,25828.543209876538,10607.032300423252,10607.032300423252,12535.583627772936,10607.032300423252,93695.45198707207,1446.4134955122618,190765.8687970061,4356.0,4356.0,5148.0,4356.0,38478.0,594.0,78342.0,4356.0,5148.0,4356.0,38478.0,594.0,78342.0,6084.0,5148.0,45474.0,702.0,92586.0,4356.0,38478.0,594.0,78342.0,339889.0,5247.0,692021.0,81.0,10683.0,1408969.0
0.12981510162353516,53.92284805430462,46211.88078253906,857.0,593.9612781991768,298.5,938.0,1466.0,66.0,1466.0,7.0,5999.0,0.01685196060952876,7.0,5999.0,111.25154209136963,77.10514368987097,38.749807834625244,121.76656532287598,190.30893898010254,8.56779670715332,190.30893898010254,0.9087057113647461,778.7607946395874,2907.673542287624,2491876.2257404937,46211.88078253906,32028.08375447477,16095.97014420993,50579.631474937734,79050.89524761058,3558.9079715841053,79050.89524761058,377.4599363801324,323483.1654777734,2135537925.459603,39603581.83063597,27448067.777584877,13794246.41358791,43346744.17402164,67746617.22720227,3049984.131647578,67746617.22720227,323483.1654777734,277225072.8144518,734449.0,509024.81541669456,255814.5,803866.0,1256362.0,56562.0,1256362.0,5999.0,5141143.0,352789.99999999994,177297.4415424543,557135.6789508279,870747.2338399932,39201.44436114567,870747.2338399932,4157.728947394238,3563173.707916862,89102.25,279993.0,437601.0,19701.0,437601.0,2089.5,1790701.5,879844.0,1375108.0,61908.0,1375108.0,6566.0,5627062.0,2149156.0,96756.0,2149156.0,10262.0,8794534.0,4356.0,96756.0,462.0,395934.0,2149156.0,10262.0,8794534.0,49.0,41993.0,35988001.0
0.13563299179077148,66.35553696171114,50865.20549987168,766.5555555555555,662.8083535836334,74.0,505.0,1494.0,66.0,1494.0,9.0,6899.0,0.018396308462115485,9.0,6899.0,103.97022337383694,89.89867998046373,10.03684139251709,68.4946608543396,202.6356897354126,8.951777458190918,202.6356897354126,1.2206969261169434,935.7320103645325,4403.0572854770135,3375188.0236117677,50865.205499871685,43981.0042047497,4910.309735166624,33509.54616566413,99135.17222079643,4379.465439472935,99135.17222079643,597.1998326554002,457786.8494988451,2587269130.544176,38991005.86040163,33713883.112063125,3764025.206990504,25686928.7774352,75992617.01680829,3357103.5629915306,75992617.01680829,457786.8494988451,350919052.74361473,587607.4197530864,508079.4257081652,56725.11111111111,387110.55555555556,1145234.0,50592.666666666664,1145234.0,6899.0,5288466.777777778,439314.91358024685,49047.81816518887,334718.2185597349,990235.6802539483,43745.35133651981,990235.6802539483,5965.275182252701,4572714.831373488,5476.0,37370.0,110556.0,4884.0,110556.0,666.0,510526.0,255025.0,754470.0,33330.0,754470.0,4545.0,3483995.0,2232036.0,98604.0,2232036.0,13446.0,10307106.0,4356.0,98604.0,594.0,455334.0,2232036.0,13446.0,10307106.0,81.0,62091.0,47596201.0
0.1529991626739502,58.82385133819003,45091.750042463675,766.5555555555555,662.8083535836334,74.0,505.0,1494.0,66.0,1494.0,9.0,6899.0,0.023408743778929875,9.0,6899.0,117.28235814306471,101.40912311159543,11.321938037872314,77.26457715034485,228.5807490348816,10.097944736480713,228.5807490348816,1.3769924640655518,1055.5412232875824,3460.2454862574814,2652470.401076707,45091.75004246367,38988.94005691415,4352.964999026062,29706.044925785965,87882.83389925591,3882.374188320542,87882.83389925591,529.4146620437103,405825.75038217305,2033265921.8920228,34565331.50477299,29887188.605850082,3336789.5031423117,22771333.771444157,67367074.56344073,2976055.5028026025,67367074.56344073,405825.75038217305,311087983.5429569,587607.4197530864,508079.4257081652,56725.11111111111,387110.55555555556,1145234.0,50592.666666666664,1145234.0,6899.0,5288466.777777778,439314.91358024685,49047.81816518887,334718.2185597349,990235.6802539483,43745.35133651981,990235.6802539483,5965.275182252701,4572714.831373488,5476.0,37370.0,110556.0,4884.0,110556.0,666.0,510526.0,255025.0,754470.0,33330.0,754470.0,4545.0,3483995.0,2232036.0,98604.0,2232036.0,13446.0,10307106.0,4356.0,98604.0,594.0,455334.0,2232036.0,13446.0,10307106.0,81.0,62091.0,47596201.0
0.05993986129760742,133.46710897910154,105472.38287073499,790.25,557.8854609146935,118.25,1088.0,1292.0,67.0,1292.0,8.0,6322.0,0.003592786972376416,8.0,6322.0,47.367475390434265,33.43957714717851,7.087888598442078,65.21456909179688,77.44230079650879,4.015970706939697,77.44230079650879,0.4795188903808594,378.9398031234741,17813.469179239368,14077094.018893909,105472.38287073499,74459.35960975768,15782.485636778756,145212.21456926246,172439.5048009992,8942.296301599803,172439.5048009992,1067.7368718328123,843779.0629658799,11124423548.430912,83349550.56359832,58841508.93161101,12472109.274464412,114753952.56335966,136270318.6689896,7066649.652339244,136270318.6689896,843779.0629658799,666796404.5087866,624495.0625,440868.98548783653,93447.0625,859792.0,1021003.0,52946.75,1021003.0,6322.0,4995960.5,311236.18749999994,65969.9557531625,606979.3814751864,720788.0155017839,37378.32588128446,720788.0155017839,4463.083687317548,3526951.8839026922,13983.0625,128656.0,152779.0,7922.75,152779.0,946.0,747576.5,1183744.0,1405696.0,72896.0,1405696.0,8704.0,6878336.0,1669264.0,86564.0,1669264.0,10336.0,8168024.0,4489.0,86564.0,536.0,423574.0,1669264.0,10336.0,8168024.0,64.0,50576.0,39967684.0
0.1465771198272705,61.40112461348528,47067.3731898261,766.5555555555555,662.8083535836334,74.0,505.0,1494.0,66.0,1494.0,9.0,6899.0,0.021484852056858017,9.0,6899.0,112.35950552092658,97.15253946574411,10.846706867218018,74.0214455127716,218.98621702194214,9.674089908599854,218.98621702194214,1.3191940784454346,1011.2355496883392,3770.098103800748,2889989.6464579287,47067.3731898261,40697.17831324769,4543.6832213979105,31007.567929810066,91733.280172547,4052.4742244900285,91733.280172547,552.6101215213675,423606.358708435,2215337618.990361,36079756.40406781,31196648.13145509,3482985.616047132,23769023.460862182,70318655.54560019,3106446.6305285227,70318655.54560019,423606.3587084349,324717807.63661027,587607.4197530864,508079.4257081652,56725.11111111111,387110.55555555556,1145234.0,50592.666666666664,1145234.0,6899.0,5288466.777777778,439314.91358024685,49047.81816518887,334718.2185597349,990235.6802539483,43745.35133651981,990235.6802539483,5965.275182252701,4572714.831373488,5476.0,37370.0,110556.0,4884.0,110556.0,666.0,510526.0,255025.0,754470.0,33330.0,754470.0,4545.0,3483995.0,2232036.0,98604.0,2232036.0,13446.0,10307106.0,4356.0,98604.0,594.0,455334.0,2232036.0,13446.0,10307106.0,81.0,62091.0,47596201.0
0.06323695182800293,94.88123362301356,17837.671921126548,188.0,168.34587412031615,66.0,72.0,338.25,66.0,427.0,6.0,1128.0,0.003998912076497163,6.0,1128.0,11.88854694366455,10.645679932189477,4.173638820648193,4.553060531616211,21.38989895582199,4.173638820648193,27.00217843055725,0.3794217109680176,71.3312816619873,9002.448493824879,1692460.316839077,17837.671921126548,15972.864211880149,6262.161419118895,6831.448820856976,32093.577272984337,6262.161419118895,40514.28675702679,569.2874017380814,107026.0315267593,318182539.5657465,3353482.321171791,3002898.471833468,1177286.3467943522,1284312.3783211114,6033592.527321055,1177286.3467943522,7616685.910321036,107026.0315267593,20120893.927030746,35344.0,31649.024334619437,12408.0,13536.0,63591.0,12408.0,80276.0,1128.0,212064.0,28340.333333333332,11110.827691940865,12120.902936662764,56942.99192119694,11110.827691940865,71883.688249375,1010.075244721897,189894.14600771663,4356.0,4752.0,22324.5,4356.0,28182.0,396.0,74448.0,5184.0,24354.0,4752.0,30744.0,432.0,81216.0,114413.0625,22324.5,144432.75,2029.5,381546.0,4356.0,28182.0,396.0,74448.0,182329.0,2562.0,481656.0,36.0,6768.0,1272384.0
0.05009818077087402,79.84321862492683,33873.485501625204,424.25,354.26146770429324,72.0,426.0,778.25,66.0,779.0,4.0,1697.0,0.0025098277165511718,4.0,1696.9999999999998,21.254153192043304,17.747855049204833,3.6070690155029297,21.341825008392334,38.98890918493271,3.3064799308776855,39.026482820510864,0.2003927230834961,85.01661276817322,6374.939560387863,2704568.1084945505,33873.48550162521,28285.37581630134,5748.711740994732,34013.21113421883,62137.98489484931,5269.652429245171,62197.867308818,319.37287449970734,135493.94200650085,1147413020.028813,14370826.224064494,12000070.690065842,2438890.956117015,14430104.823692337,26362040.091639817,2235650.0431072633,26387445.205766033,135493.94200650082,57483304.896257974,179988.0625,150295.4276735464,30546.0,180730.5,330172.5625,28000.5,330490.75,1697.0,719952.25,125501.1875,25506.825674709115,150915.38524202892,275703.98724086623,23381.256868483353,275969.6833416444,1417.045870817173,601181.7106941856,5184.0,30672.0,56034.0,4752.0,56088.0,288.0,122184.0,181476.0,331534.5,28116.0,331854.0,1704.0,722922.0,605673.0625,51364.5,606256.75,3113.0,1320690.25,4356.0,51414.0,264.0,112002.0,606841.0,3116.0,1321963.0,16.0,6788.0,2879809.0
14.998178005218506,0.8000971848597002,223.16043981045138,278.9166666666667,358.739101654051,66.0,66.0,289.75,66.0,1019.0,12.0,3347.0,224.94534347622016,12.0,3347.0,4183.241815288862,5380.432904039633,989.8797483444214,989.8797483444214,4345.722077012062,989.8797483444214,15283.143387317657,179.97813606262207,50198.90178346634,0.6401555052204172,178.55003966439472,223.16043981045138,287.02614533250403,52.806414200740214,52.806414200740214,231.82815931309813,52.806414200740214,815.2990313720345,9.601166218316402,2677.9252777254164,49800.58189639409,62243.166003798404,80056.37570232425,14728.58902748979,14728.58902748979,64660.737435078285,14728.58902748979,227400.48816684994,2677.9252777254164,746917.9920455808,77794.50694444445,100058.3144363424,18408.5,18408.5,80816.10416666667,18408.5,284216.0833333334,3347.0,933534.0833333334,128693.74305555555,23676.780709167368,23676.780709167368,103944.65470426128,23676.780709167368,365555.144585478,4304.869219848612,1200699.7732361087,4356.0,4356.0,19123.5,4356.0,67254.0,792.0,220902.0,4356.0,19123.5,4356.0,67254.0,792.0,220902.0,83955.0625,19123.5,295255.25,3477.0,969793.25,4356.0,67254.0,792.0,220902.0,1038361.0,12228.0,3410593.0,144.0,40164.0,11202409.0
14.980463027954102,0.734289719848685,420.0137197534478,572.0,555.5779955063997,66.0,340.0,904.0,66.0,1514.0,11.0,6292.0,224.41427253189977,11.0,6292.0,8568.824851989746,8322.81562082847,988.7105598449707,5093.3574295043945,13542.338577270508,988.7105598449707,22680.42102432251,164.78509330749512,94257.0733718872,0.5391813926754603,308.4117566103632,420.0137197534478,407.95521067448817,48.46312151001321,249.6585047485529,663.7979067432112,48.46312151001321,1111.714635850909,8.077186918335535,4620.150917287926,176411.52478112778,240247.84769897212,233350.38050580723,27720.905503727554,142804.66471617224,379692.4026571168,27720.905503727554,635900.77170672,4620.150917287926,2642726.3246886935,327184.0,317790.6134296606,37752.0,194480.0,517088.0,37752.0,866008.0,6292.0,3599024.0,308666.90909090906,36668.14770342238,188896.5184721759,502242.50793778535,36668.14770342238,841145.0851966891,6111.3579505703965,3495696.7477262667,4356.0,22440.0,59664.0,4356.0,99924.0,726.0,415272.0,115600.0,307360.0,22440.0,514760.0,3740.0,2139280.0,817216.0,59664.0,1368656.0,9944.0,5687968.0,4356.0,99924.0,726.0,415272.0,2292196.0,16654.0,9526088.0,121.0,69212.0,39589264.0
0.08846211433410645,124.34701660481299,16832.06433859696,135.36363636363637,149.65674223324442,63.0,66.0,135.0,60.0,583.0,11.0,1489.0,0.007825545672460521,11.0,1489.0,11.97455347668041,13.238951842307165,5.573113203048706,5.838499546051025,11.94238543510437,5.307726860046387,51.57341265678406,0.9730832576751709,131.7200882434845,15462.180538517638,2093016.9838047968,16832.06433859696,18609.36941149946,7833.862046103219,8206.903095917658,16786.847241649753,7460.8209962887795,72494.31068060598,1367.8171826529428,185152.70772456654,283318389.8986675,2278449.4363791705,2519031.913974791,1060420.0533316084,1110916.2463473994,2272328.6857105894,1009923.8603158176,9813093.509402027,185152.70772456657,25062943.800170872,18323.31404958678,20258.08083502736,8527.909090909092,8934.0,18274.09090909091,8121.818181818182,78917.0,1489.0,201556.45454545456,22397.140495867763,9428.374760694398,9877.344987394132,20203.660201487997,8979.404533994664,87249.88072198149,1646.2241645656886,222838.88918530094,3969.0,4158.0,8505.0,3780.0,36729.0,693.0,93807.0,4356.0,8910.0,3960.0,38478.0,726.0,98274.0,18225.0,8100.0,78705.0,1485.0,201015.0,3600.0,34980.0,660.0,89340.0,339889.0,6413.0,868087.0,121.0,16379.0,2217121.0
0.06907796859741211,173.7167470852575,72555.69469927589,417.6666666666667,554.918662708529,72.0,87.5,498.75,66.0,1514.0,12.0,5012.0,0.0047717657455450535,12.0,5012.0,28.85156488418579,38.33265395669769,4.973613739013672,6.04432225227356,34.45263683795929,4.559145927429199,104.58404445648193,0.8289356231689453,346.2187786102295,30177.50821788332,12604139.26566927,72555.69469927589,96398.66498262685,12507.605790138541,15200.215369960031,86641.22760877218,11465.305307626995,263007.15508707985,2084.60096502309,870668.3363913107,5264328833.294532,30304095.152730897,40262509.07441048,5224010.018347864,6348623.28618664,36187152.731263846,4788675.8501522085,109849321.7747037,870668.3363913107,363649141.83277076,174445.44444444447,231771.02812459564,30072.0,36545.833333333336,208311.25,27566.0,632347.3333333334,5012.0,2093345.3333333335,307934.72222222225,39954.14371501409,48555.382986996294,276765.68302587885,36624.63173876292,840146.8553407129,6659.023952502348,2781252.3374951477,5184.0,6300.0,35910.0,4752.0,109008.0,864.0,360864.0,7656.25,43640.625,5775.0,132475.0,1050.0,438550.0,248751.5625,32917.5,755107.5,5985.0,2499735.0,4356.0,99924.0,792.0,330792.0,2292196.0,18168.0,7588168.0,144.0,60144.0,25120144.0
15.434498071670532,1.5549582427983932,248.7933188477429,160.0,137.8489511506465,66.0,87.5,232.5,66.0,583.0,24.0,3840.0,238.22373072440138,24.0,3840.0,2469.519691467285,2127.629370716459,1018.6768727302551,1350.5185812711716,3588.5208016633987,1018.6768727302551,8998.31237578392,370.4279537200928,59268.472595214844,2.417895136846667,386.86322189546667,248.7933188477429,214.34936285281086,102.62724402469395,136.0588462448594,361.5277914506264,102.62724402469395,906.5406555514633,37.31899782716144,5971.03965234583,61898.11550327467,39806.93101563887,34295.89805644973,16420.359043951034,21769.415399177506,57844.446632100226,16420.359043951034,145046.5048882341,5971.039652345829,955366.3443753328,25600.0,22055.83218410344,10560.0,14000.0,37200.0,10560.0,93280.0,3840.0,614400.0,19002.33333333333,9098.03077594267,12061.78322568157,32049.881142525315,9098.03077594267,80365.93852082692,3308.3748276155166,529339.9724184826,4356.0,5775.0,15345.0,4356.0,38478.0,1584.0,253440.0,7656.25,20343.75,5775.0,51012.5,2100.0,336000.0,54056.25,15345.0,135547.5,5580.0,892800.0,4356.0,38478.0,1584.0,253440.0,339889.0,13992.0,2238720.0,576.0,92160.0,14745600.0
15.468919038772583,1.810081229969494,1429.0591310609154,789.5,620.0749090691727,72.0,792.5,1514.0,66.0,1514.0,28.0,22106.0,239.2874562281009,28.0,22106.0,12212.711581110954,9591.888566365304,1113.762170791626,12259.118338227272,23419.94342470169,1020.9486565589905,23419.94342470169,433.1297330856323,341955.9242711067,3.276394059087876,2586.713109649878,1429.0591310609154,1122.3859540811502,130.32584855780357,1434.489374750824,2740.462982173814,119.4653611779866,2740.462982173814,50.68227443914583,40013.65566970564,2042210.0000685786,1128242.1839725927,886123.710747068,102892.25743638592,1132529.3613657756,2163595.524426226,94317.90265002042,2163595.524426226,40013.65566970563,31590781.151232596,623310.25,489549.1407101118,56844.0,625678.75,1195303.0,52107.0,1195303.0,22106.0,17452687.0,384492.8928571428,44645.39345298043,491409.3654373194,938793.4123307274,40924.943998565395,938793.4123307274,17362.097453936836,13707375.939883132,5184.0,57060.0,109008.0,4752.0,109008.0,2016.0,1591632.0,628056.25,1199845.0,52305.0,1199845.0,22190.0,17519005.0,2292196.0,99924.0,2292196.0,42392.0,33468484.0,4356.0,99924.0,1848.0,1458996.0,2292196.0,42392.0,33468484.0,784.0,618968.0,488675236.0
15.829097986221313,2.7165161298154845,257.43728439530463,94.76744186046511,90.98168412897341,66.0,66.0,66.0,66.0,583.0,43.0,4075.0,250.56034305739564,43.0,4075.0,1500.0831231128336,1440.1579930289568,1044.7204670906067,1044.7204670906067,1044.7204670906067,1044.7204670906067,9228.364125967026,680.6512134075165,64503.57429385185,7.379459883547698,699.3325354757411,257.43728439530463,247.15321245413375,179.290064567822,179.290064567822,179.290064567822,179.290064567822,1583.7289036824275,116.81019358206584,11069.8032289981,66273.95539682895,24396.672881648054,23422.077691874303,16990.860770090105,16990.860770090105,16990.860770090105,16990.860770090105,150085.9368024626,11069.803228998098,1049056.9339108663,8980.868036776636,8622.101461059689,6254.6511627906975,6254.6511627906975,6254.6511627906975,6254.6511627906975,55249.41860465116,4075.0,386177.32558139536,8277.666846944292,6004.791152512245,6004.791152512245,6004.791152512245,6004.791152512245,53042.3218471915,3912.2124175458566,370750.36282556667,4356.0,4356.0,4356.0,4356.0,38478.0,2838.0,268950.0,4356.0,4356.0,4356.0,38478.0,2838.0,268950.0,4356.0,4356.0,38478.0,2838.0,268950.0,4356.0,38478.0,2838.0,268950.0,339889.0,25069.0,2375725.0,1849.0,175225.0,16605625.0
15.811689138412476,6.387679337474035,8210.571233949422,1285.3762376237623,498.34595426111235,1499.0,1514.0,1514.0,66.0,1514.0,101.0,129823.0,250.00951340979105,101.0,129823.0,20323.969495209138,7879.69131216223,23701.7220184803,23938.897355556488,23938.897355556488,1043.5714831352234,23938.897355556488,1596.98060297966,2052720.9190161228,40.80244731839272,52446.496219957415,8210.571233949422,3183.2741549474877,9575.131326873578,9670.946516935688,9670.946516935688,421.5868362732863,9670.946516935688,645.1556130848775,829267.6946288917,67413479.98775774,10553673.1614358,4091704.9566113637,12307646.279690184,12430804.848199425,12430804.848199425,541897.7014406619,12430804.848199425,829267.6946288917,1065920989.3050158,1652192.0722478188,640562.0477231721,1926778.9801980196,1946059.6237623761,1946059.6237623761,84834.83168316832,1946059.6237623761,129823.0,166871399.2970297,248348.69012841868,747020.5854374074,754495.7747513241,754495.7747513241,32890.83298123341,754495.7747513241,50332.94138037235,64696766.82004039,2247001.0,2269486.0,2269486.0,98934.0,2269486.0,151399.0,194604677.0,2292196.0,2292196.0,99924.0,2292196.0,152914.0,196552022.0,2292196.0,99924.0,2292196.0,152914.0,196552022.0,4356.0,99924.0,6666.0,8568318.0,2292196.0,152914.0,196552022.0,10201.0,13112123.0,16854011329.0
0.0590059757232666,152.52692442896452,22082.50917010453,144.77777777777777,159.48303830242526,66.0,66.0,159.0,60.0,583.0,9.0,1303.0,0.0034817051710547275,9.0,1303.0,8.542754040824041,9.410452286345702,3.8943943977355957,3.8943943977355957,9.38195013999939,3.540358543395996,34.40048384666443,0.5310537815093994,76.88478636741638,23264.462675759052,3368177.20739045,22082.509170104528,24325.457330855672,10066.777012311659,10066.777012311659,24251.780984205358,9151.615465737872,88923.19694208632,1372.7423198606807,198742.58253094077,487637211.2477507,3197056.6054051337,3521785.6557894377,1457445.605226899,1457445.605226899,3511118.9580466202,1324950.550206272,12874102.846170941,198742.58253094077,28773509.448646203,20960.604938271605,23089.599878673343,9555.333333333332,9555.333333333332,23019.666666666664,8686.666666666666,84405.44444444444,1303.0,188645.44444444444,25434.83950617284,10525.880527960067,10525.880527960067,25357.803090085617,9568.982298145515,92978.61133031393,1435.3473447218273,207806.3989080601,4356.0,4356.0,10494.0,3960.0,38478.0,594.0,85998.0,4356.0,10494.0,3960.0,38478.0,594.0,85998.0,25281.0,9540.0,92697.0,1431.0,207177.0,3600.0,34980.0,540.0,78180.0,339889.0,5247.0,759649.0,81.0,11727.0,1697809.0
0.05882692337036133,101.99411521532961,15520.104531932657,152.16666666666666,192.7679232191451,61.5,66.0,75.0,60.0,583.0,6.0,913.0,0.003460606913222364,6.0,913.0,8.951496839523315,11.339943847476345,3.6178557872772217,3.8825769424438477,4.4120192527771,3.5296154022216797,34.296096324920654,0.35296154022216797,53.70898103713989,10402.799538557932,1582959.3297838988,15520.104531932655,19661.193770633297,6272.638085742771,6731.611604211755,7649.558641149721,6119.646912919777,59462.569170537165,611.9646912919777,93120.62719159594,240873644.6821166,2361642.572942419,2991778.3187647006,954486.4287138584,1024326.8991075554,1164007.8398949492,931206.2719159594,9048220.94211674,93120.62719159594,14169855.437654516,23154.69444444444,29332.852316513246,9358.25,10043.0,11412.5,9130.0,88713.16666666666,913.0,138928.16666666666,37159.47222222222,11855.227277977423,12722.682932463576,14457.594241435883,11566.075393148707,112383.69923676159,1156.6075393148706,175997.11389907947,3782.25,4059.0,4612.5,3690.0,35854.5,369.0,56149.5,4356.0,4950.0,3960.0,38478.0,396.0,60258.0,5625.0,4500.0,43725.0,450.0,68475.0,3600.0,34980.0,360.0,54780.0,339889.0,3498.0,532279.0,36.0,5478.0,833569.0
15.356333017349243,10.484273805348307,816.2756034164039,77.85714285714286,52.14848093555961,66.0,66.0,66.0,66.0,583.0,161.0,12535.0,235.8169637397305,161.0,12535.0,1195.6002134936198,800.8094395953416,1013.51797914505,1013.51797914505,1013.51797914505,1013.51797914505,8952.742149114609,2472.369615793228,192491.63437247276,109.91999722551267,8558.056926843487,816.2756034164039,546.7389526613932,691.9620711529883,691.9620711529883,691.9620711529883,691.9620711529883,6112.331628518063,1687.9680826610775,131420.37215004102,666305.8607328143,63552.88626599145,42567.532742922755,53874.18982548266,53874.18982548266,53874.18982548266,53874.18982548266,475888.67679176346,131420.37215004102,10232014.688824622,6061.734693877552,4060.1317299828556,5138.571428571428,5138.571428571428,5138.571428571428,5138.571428571428,45390.71428571429,12535.0,975939.2857142858,2719.4640638864244,3441.799741746934,3441.799741746934,3441.799741746934,3441.799741746934,30402.564385431255,8395.905430625098,653681.2085272397,4356.0,4356.0,4356.0,4356.0,38478.0,10626.0,827310.0,4356.0,4356.0,4356.0,38478.0,10626.0,827310.0,4356.0,4356.0,38478.0,10626.0,827310.0,4356.0,38478.0,10626.0,827310.0,339889.0,93863.0,7307905.0,25921.0,2018135.0,157126225.0
0.07255983352661133,124.03556571969324,17957.593570306697,144.77777777777777,159.48303830242526,66.0,66.0,159.0,60.0,583.0,9.0,1303.0,0.005264929441409549,9.0,1303.0,10.505051453908283,11.572062709542156,4.788949012756348,4.788949012756348,11.537013530731201,4.35359001159668,42.302382946014404,0.653038501739502,94.54546308517456,15384.82156340434,2227380.277457317,17957.593570306697,19781.568878536822,8186.347337499754,8186.347337499754,19721.654949431224,7442.133943181594,72312.73481458116,1116.3200914772392,161618.3421327603,322475166.8363204,2599860.491345514,2863931.5831926083,1185201.175640242,1185201.175640242,2855257.377678765,1077455.6142184017,10469277.051488804,161618.34213276027,23398744.422109626,20960.604938271605,23089.599878673343,9555.333333333332,9555.333333333332,23019.666666666664,8686.666666666666,84405.44444444444,1303.0,188645.44444444444,25434.83950617284,10525.880527960067,10525.880527960067,25357.803090085617,9568.982298145515,92978.61133031393,1435.3473447218273,207806.3989080601,4356.0,4356.0,10494.0,3960.0,38478.0,594.0,85998.0,4356.0,10494.0,3960.0,38478.0,594.0,85998.0,25281.0,9540.0,92697.0,1431.0,207177.0,3600.0,34980.0,540.0,78180.0,339889.0,5247.0,759649.0,81.0,11727.0,1697809.0
0.061666011810302734,194.59666107343628,95173.98365333313,489.0833333333333,603.4999942465249,66.0,87.5,758.5,60.0,1510.0,12.0,5869.0,0.0038026970125883963,12.0,5869.0,30.15981860955556,37.21543777272384,4.0699567794799805,5.395776033401489,46.773669958114624,3.699960708618164,93.11567783355713,0.7399921417236328,361.91782331466675,37867.86050092983,18520539.439996433,95173.98365333313,117439.08383821175,12843.379630846794,17027.207843925673,147601.5674242014,11675.799664406177,293840.9582208888,2335.1599328812354,1142087.8038399976,9058087164.444921,46548009.17178434,57437498.587205395,6281482.921119986,8327723.569666648,72189466.60105318,5710439.019199988,143712715.31653303,1142087.8038399974,558576110.0614121,239202.50694444444,295161.78885273787,32279.5,42794.791666666664,370969.7083333333,29345.0,738515.8333333333,5869.0,2870430.083333333,364212.2430555556,39830.999620270646,52806.249496570934,457754.7456359892,36209.99965479149,911284.9913122526,7241.999930958299,3541941.466232855,4356.0,5775.0,50061.0,3960.0,99660.0,792.0,387354.0,7656.25,66368.75,5250.0,132125.0,1050.0,513537.5,575322.25,45510.0,1145335.0,9102.0,4451636.5,3600.0,90600.0,720.0,352140.0,2280100.0,18120.0,8862190.0,144.0,70428.0,34445161.0
0.04127001762390137,218.0759911957897,130264.0587409517,597.3333333333334,659.1239977761729,66.0,74.0,1510.0,66.0,1510.0,9.0,5376.0,0.0017032143546771294,9.0,5376.0,24.651957194010418,27.202059004558983,2.7238211631774902,3.053981304168701,62.317726612091064,2.7238211631774902,62.317726612091064,0.3714301586151123,221.86761474609375,47557.13793602615,28407463.727119617,130264.05874095172,143739.1191359704,14393.01541892212,16137.623348488438,329294.74670564244,14393.01541892212,329294.74670564244,1962.6839207621074,1172376.5286685654,16968724999.666115,77811064.42126182,85860167.16388631,8597427.876902813,9639540.346830426,196698728.69883707,8597427.876902813,196698728.69883707,1172376.5286685652,700299579.7913563,356807.1111111112,393716.734671634,39424.0,44202.66666666667,901973.3333333334,39424.0,901973.3333333334,5376.0,3211264.0,434444.44444444444,43502.18385322741,48775.1758354368,995277.2366420211,43502.18385322741,995277.2366420211,5932.115979985556,3543450.6120447055,4356.0,4884.0,99660.0,4356.0,99660.0,594.0,354816.0,5476.0,111740.0,4884.0,111740.0,666.0,397824.0,2280100.0,99660.0,2280100.0,13590.0,8117760.0,4356.0,99660.0,594.0,354816.0,2280100.0,13590.0,8117760.0,81.0,48384.0,28901376.0
0.05618000030517578,213.59914444312415,104788.18027805598,490.5833333333333,602.4531044451141,72.0,87.5,758.5,66.0,1510.0,12.0,5887.0,0.003156192434289551,12.0,5887.0,27.560971816380818,33.84581559158061,4.044960021972656,4.915750026702881,42.61253023147583,3.7078800201416016,84.83180046081543,0.6741600036621094,330.7316617965698,45624.59450683461,22382665.655144613,104788.18027805598,128683.46767658049,15379.13839990494,18689.925138773364,162014.95106010966,14097.543533246193,322534.70810911746,2563.1897333174898,1257458.163336672,10980562725.98636,51407334.77474296,63129964.51766911,7544748.98002003,9168965.774329899,79481834.74090546,6916019.898351694,158230152.21986452,1257458.163336672,616888017.2969155,240672.00694444444,295553.4521556989,35322.0,42926.041666666664,372107.4583333333,32378.5,740780.8333333333,5887.0,2888064.083333333,362949.7430555556,43376.62352004822,52714.64663894749,456960.67972161906,39761.904893377534,909704.1877121223,7229.43725334137,3546641.425868387,5184.0,6300.0,54612.0,4752.0,108720.0,864.0,423864.0,7656.25,66368.75,5775.0,132125.0,1050.0,515112.5,575322.25,50061.0,1145335.0,9102.0,4465289.5,4356.0,99660.0,792.0,388542.0,2280100.0,18120.0,8889370.0,144.0,70644.0,34656769.0
15.33682107925415,194.62964225603162,291116.1300590154,1495.74405360134,135.85715285633026,1510.0,1510.0,1510.0,66.0,1510.0,2985.0,4464796.0,235.21808081705444,2985.0,4464796.0,22939.95893044208,2083.616845694419,23158.599829673767,23158.599829673767,23158.599829673767,1012.2301912307739,23158.599829673767,45780.41092157364,68475777.40736961,37880.697644710846,56659828.248346545,291116.1300590154,26441.829058350562,293890.75980660773,293890.75980660773,293890.75980660773,12845.556388898087,293890.75980660773,580969.4821342544,868981648.2261609,84748601180.53758,435435220.4432066,39550208.58037098,439585356.38911325,439585356.38911325,439585356.38911325,19213664.583895016,439585356.38911325,868981648.226161,1299774133022.9717,2237250.2738837684,203207.52852406428,2258573.5209380235,2258573.5209380235,2258573.5209380235,98719.10753768844,2258573.5209380235,4464796.0,6678192067.543049,18457.165982228285,205144.30081305868,205144.30081305868,205144.30081305868,8966.572088517798,205144.30081305868,405533.60127614584,606574472.6443319,2280100.0,2280100.0,2280100.0,99660.0,2280100.0,4507350.0,6741841960.0,2280100.0,2280100.0,99660.0,2280100.0,4507350.0,6741841960.0,2280100.0,99660.0,2280100.0,4507350.0,6741841960.0,4356.0,99660.0,197010.0,294676536.0,2280100.0,4507350.0,6741841960.0,8910225.0,13327416060.0,19934403321616.0
0.037657976150512695,212.43839467169784,58500.22293271879,275.375,395.4234873840956,75.0,98.0,182.5,75.0,1292.0,8.0,2203.0,0.001418123167752583,8.0,2203.0,10.370065182447433,14.89084825726283,2.824348211288452,3.690481662750244,6.872580647468567,2.824348211288452,48.6541051864624,0.30126380920410156,82.96052145957947,45130.07153068805,12427693.447763223,58500.22293271879,84003.13087536163,15932.879600377337,20818.96267782639,38770.007027584856,15932.879600377337,274470.4059158336,1699.5071573735827,468001.7834617503,3422276083.1777973,16109498.890097436,23132362.164802708,4387516.7199539095,5733021.847406441,10676290.685221178,4387516.7199539095,75582288.02907267,468001.7834617503,128875991.12077948,75831.390625,108889.74283839532,20653.125,26986.75,50255.9375,20653.125,355784.5,2203.0,606651.125,156359.73437500003,29656.76155380717,38751.50176364137,72164.78644759745,29656.76155380717,510887.1457002515,3163.387899072765,871117.9427071626,5625.0,7350.0,13687.5,5625.0,96900.0,600.0,165225.0,9604.0,17885.0,7350.0,126616.0,784.0,215894.0,33306.25,13687.5,235790.0,1460.0,402047.5,5625.0,96900.0,600.0,165225.0,1669264.0,10336.0,2846276.0,64.0,17624.0,4853209.0
0.028404951095581055,316.8461712789263,115824.87816751862,365.55555555555554,425.12040415003764,67.0,115.0,652.0,67.0,1292.0,9.0,3290.0,0.0008068412467423514,9.0,3290.0,10.383587678273518,12.075524289615473,1.9031317234039307,3.2665693759918213,18.520028114318848,1.9031317234039307,36.69919681549072,0.2556445598602295,93.45228910446167,100391.49625411471,36698669.186226375,115824.87816751862,134697.7723874892,21228.693475688062,36437.309697076525,206583.70367385994,21228.693475688062,409365.2532923728,2851.6155415103367,1042423.9035076676,13415402402.52053,42340427.685681805,49239519.01720439,7760266.837223748,13319860.989264641,75517820.56522214,7760266.837223748,149645742.59243405,1042423.9035076676,381063849.17113626,133630.86419753084,155405.1255170693,24492.222222222223,42038.88888888889,238342.22222222222,24492.222222222223,472297.77777777775,3290.0,1202677.7777777778,180727.35802469135,28483.06707805252,48888.84647725433,277178.50350582454,28483.06707805252,549255.5621618486,3826.083637350339,1398646.1296536238,4489.0,7705.0,43684.0,4489.0,86564.0,603.0,220430.0,13225.0,74980.0,7705.0,148580.0,1035.0,378350.0,425104.0,43684.0,842384.0,5868.0,2145080.0,4489.0,86564.0,603.0,220430.0,1669264.0,11628.0,4250680.0,81.0,29610.0,10824100.0
6.732278823852539,6.387138905722461,879.4941735065742,137.69767441860466,203.18939897311762,66.0,66.0,99.0,66.0,1222.0,43.0,5921.0,45.32357816209333,43.0,5921.0,927.0191375821137,1367.9276879380445,444.3304023742676,444.3304023742676,666.4956035614014,444.3304023742676,8226.844722747803,289.4879894256592,39861.822916030884,40.795543400993516,5617.45145296006,879.4941735065743,1297.798915411563,421.5511677776824,421.5511677776824,632.3267516665236,421.5511677776824,7805.083742792847,274.64697294606583,37818.24946078269,773510.001232012,121104.30235656805,178703.89251515962,58046.61545143389,58046.61545143389,87069.92317715083,58046.61545143389,1074741.8800250336,37818.24946078269,5207485.0013324255,18960.649540292052,27978.707705112316,9088.046511627908,9088.046511627908,13632.069767441862,9088.046511627908,168266.5581395349,5921.000000000001,815307.9302325582,41285.93185505677,13410.500332225763,13410.500332225763,20115.750498338643,13410.500332225763,248297.44554514973,8737.144155844058,1203084.4313198293,4356.0,4356.0,6534.0,4356.0,80652.0,2838.0,390786.0,4356.0,6534.0,4356.0,80652.0,2838.0,390786.0,9801.0,6534.0,120978.0,4257.0,586179.0,4356.0,80652.0,2838.0,390786.0,1493284.0,52546.0,7235462.0,1849.0,254603.0,35058241.0
6.716685771942139,17.568188241427904,19963.119394407648,1136.322033898305,566.5667923488575,766.25,1494.0,1494.0,66.0,1494.0,118.0,134086.0,45.11386775900996,117.99999999999999,134086.0,7632.318037429099,3805.451113024467,5146.660472750664,10034.728543281555,10034.728543281555,443.30126094818115,10034.728543281555,792.5689210891724,900613.5284166336,308.64123808624566,350715.8394070538,19963.119394407644,9953.552059326723,13461.624239994131,26246.873232693288,26246.873232693288,1159.5004239342418,26246.873232693288,2073.0462124884925,2355648.088540102,398526135.9553748,22684532.433208,11310440.520566806,15296740.23596486,29824900.375245027,29824900.375245027,1317565.8800309047,29824900.375245027,2355648.0885401024,2676774827.1185436,1291227.7647227808,643802.3298210924,870706.7584745763,1697665.1186440678,1697665.1186440678,74997.25423728814,1697665.1186440678,134086.0,152364876.23728815,320997.93019247334,434131.804637312,846450.7877691931,846450.7877691931,37393.408295024594,846450.7877691931,66854.88149716517,75968674.9188889,587139.0625,1144777.5,1144777.5,50572.5,1144777.5,90417.5,102743397.5,2232036.0,2232036.0,98604.0,2232036.0,176292.0,200324484.0,2232036.0,98604.0,2232036.0,176292.0,200324484.0,4356.0,98604.0,7788.0,8849676.0,2232036.0,176292.0,200324484.0,13924.0,15822148.0,17979055396.0
5.0000901222229,0.5999891855281768,65.39882122257127,109.0,31.187604375242845,94.0,122.0,130.5,66.0,139.0,3.0,327.0,25.00090123035102,3.0,327.0,545.0098233222961,155.94083257244745,470.00847148895264,610.0109949111938,652.5117609500885,330.0059480667114,695.0125269889832,15.000270366668701,1635.0294699668884,0.359987022750765,39.23858547983338,65.39882122257127,18.71222534767696,56.39898343964862,73.19868063443757,78.29858871142707,39.59928624485967,83.39849678841658,1.7999675565845306,196.19646366771383,4277.005817301839,7128.471513260269,2039.6325628967884,6147.4891949217,7978.656189153695,8534.54616954555,4316.322200689704,9090.436149937406,196.19646366771383,21385.414539780806,11881.0,3399.44887690147,10246.0,13298.0,14224.5,7194.0,15151.0,327.0,35643.0,972.6666666666666,2931.6348112728274,3804.887733779627,4069.9823709691914,2058.3818887660277,4335.077008158755,93.56281312572854,10198.346630704411,8836.0,11468.0,12267.0,6204.0,13066.0,282.0,30738.0,14884.0,15921.0,8052.0,16958.0,366.0,39894.0,17030.25,8613.0,18139.5,391.5,42673.5,4356.0,9174.0,198.0,21582.0,19321.0,417.0,45453.0,9.0,981.0,106929.0
5.009033918380737,0.5989178849421338,39.52858040618083,66.0,0.0,66.0,66.0,66.0,66.0,66.0,3.0,198.0,25.090420795488683,3.0,198.0,330.59623861312866,0.0,330.59623861312866,330.59623861312866,330.59623861312866,330.59623861312866,330.59623861312866,15.027101755142212,991.788715839386,0.358702632903559,23.674373771634894,39.52858040618083,0.0,39.52858040618083,39.52858040618083,39.52858040618083,39.52858040618083,39.52858040618083,1.7967536548264014,118.5857412185425,1562.508668927903,2608.886306807935,0.0,2608.886306807935,2608.886306807935,2608.886306807935,2608.886306807935,2608.886306807935,118.5857412185425,7826.658920423804,4356.0,0.0,4356.0,4356.0,4356.0,4356.0,4356.0,198.0,13068.0,0.0,0.0,0.0,0.0,0.0,0.0,0.0,0.0,4356.0,4356.0,4356.0,4356.0,4356.0,198.0,13068.0,4356.0,4356.0,4356.0,4356.0,198.0,13068.0,4356.0,4356.0,4356.0,198.0,13068.0,4356.0,4356.0,198.0,13068.0,4356.0,198.0,13068.0,9.0,594.0,39204.0
7.009506225585938e-05,28532.680272108842,2111418.3401360544,74.0,0.0,74.0,74.0,74.0,74.0,74.0,2.0,148.0,4.9133177526528016e-09,2.0,148.0,0.005187034606933594,0.0,0.005187034606933594,0.005187034606933594,0.005187034606933594,0.005187034606933594,0.005187034606933594,0.00014019012451171875,0.010374069213867188,814113843.5103891,60244424419.7688,2111418.3401360544,0.0,2111418.3401360544,2111418.3401360544,2111418.3401360544,2111418.3401360544,2111418.3401360544,57065.360544217685,4222836.680272109,4458087407062.892,156244957.17006803,0.0,156244957.17006803,156244957.17006803,156244957.17006803,156244957.17006803,156244957.17006803,4222836.680272109,312489914.34013605,5476.0,0.0,5476.0,5476.0,5476.0,5476.0,5476.0,148.0,10952.0,0.0,0.0,0.0,0.0,0.0,0.0,0.0,0.0,5476.0,5476.0,5476.0,5476.0,5476.0,148.0,10952.0,5476.0,5476.0,5476.0,5476.0,148.0,10952.0,5476.0,5476.0,5476.0,148.0,10952.0,5476.0,5476.0,148.0,10952.0,5476.0,148.0,10952.0,4.0,296.0,21904.0
3.0040740966796875e-05,66576.25396825396,6391320.380952381,96.0,6.0,93.0,96.0,99.0,90.0,102.0,2.0,192.0,9.02446117834188e-10,2.0,192.0,0.0028839111328125,0.00018024444580078125,0.0027937889099121094,0.0028839111328125,0.0029740333557128906,0.0027036666870117188,0.0030641555786132812,6.008148193359375e-05,0.005767822265625,4432397592.445452,425510168874.76337,6391320.380952381,399457.5238095238,6191591.6190476185,6391320.380952381,6591049.142857143,5991862.857142856,6790777.904761905,133152.50793650793,12782640.761904761,40848976211977.28,613566756.5714285,38347922.28571428,594392795.4285713,613566756.5714285,632740717.7142857,575218834.2857143,651914678.8571428,12782640.761904761,1227133513.142857,9216.0,576.0,8928.0,9216.0,9504.0,8640.0,9792.0,192.0,18432.0,36.0,558.0,576.0,594.0,540.0,612.0,12.0,1152.0,8649.0,8928.0,9207.0,8370.0,9486.0,186.0,17856.0,9216.0,9504.0,8640.0,9792.0,192.0,18432.0,9801.0,8910.0,10098.0,198.0,19008.0,8100.0,9180.0,180.0,17280.0,10404.0,204.0,19584.0,4.0,384.0,36864.0
2.397517204284668,77.58025663698861,8360.31539802043,107.76344086021506,65.27030608919868,66.0,66.0,144.0,66.0,583.0,186.0,20044.0,5.74808874484097,185.99999999999997,20044.0,258.36470345527897,156.48668177778018,158.2361354827881,158.2361354827881,345.2424774169922,158.2361354827881,1397.7525300979614,445.93819999694824,48055.834842681885,6018.696219861015,648595.4141445925,8360.315398020428,5063.687097174834,5120.296938041248,5120.296938041248,11171.556955726359,5120.296938041248,45229.28961936436,14429.927734479881,1555018.6640317996,69894873.5543775,900936.3539673198,545680.3450310343,551780.8162693484,551780.8162693484,1203885.417314942,551780.8162693484,4874063.877045911,1555018.6640317999,167574161.8379215,11612.959186033067,7033.752770171497,7112.387096774194,7112.387096774194,15517.935483870968,7112.387096774194,62826.086021505376,20044.0,2160010.4086021506,4260.212856977687,4307.840201887113,4307.840201887113,9398.92407684461,4307.840201887113,38052.58845000283,12140.276932590956,1308278.0152518984,4356.0,4356.0,9504.0,4356.0,38478.0,12276.0,1322904.0,4356.0,9504.0,4356.0,38478.0,12276.0,1322904.0,20736.0,9504.0,83952.0,26784.0,2886336.0,4356.0,38478.0,12276.0,1322904.0,339889.0,108438.0,11685652.0,34596.0,3728184.0,401761936.0
2.384168863296509,756.6578138704784,1101156.0634048502,1455.289356984479,212.8388689167453,1494.0,1494.0,1494.0,66.0,1494.0,1804.0,2625342.0,5.684261168712567,1804.0,2625342.0,3469.6555720091924,507.4438041705513,3561.948281764984,3561.948281764984,3561.948281764984,157.35514497756958,3561.948281764984,4301.040629386902,6259258.651904583,572531.0472912516,833198339.6661359,1101156.0634048502,161046.19326120982,1130446.7739224948,1130446.7739224948,1130446.7739224948,49939.41571545158,1130446.7739224948,1365010.696222343,1986485538.3823495,1212544675973.2664,1602500699.4520044,234368811.0359042,1645127158.7268462,1645127158.7268462,1645127158.7268462,72676300.18472011,1645127158.7268462,1986485538.3823497,2890911261811.416,2117867.1125522982,309742.1406871541,2174202.2993348115,2174202.2993348115,2174202.2993348115,96049.09756097561,2174202.2993348115,2625342.0,3820632271.044346,45300.38412175949,317981.2701616175,317981.2701616175,317981.2701616175,14047.36534850519,317981.2701616175,383961.3195258085,558774821.799626,2232036.0,2232036.0,2232036.0,98604.0,2232036.0,2695176.0,3922260948.0,2232036.0,2232036.0,98604.0,2232036.0,2695176.0,3922260948.0,2232036.0,98604.0,2232036.0,2695176.0,3922260948.0,4356.0,98604.0,119064.0,173272572.0,2232036.0,2695176.0,3922260948.0,3254416.0,4736116968.0,6892420616964.0
0.38814306259155273,894.0002629008777,98257.5850908175,109.9077809798271,50.910699038926445,66.0,138.0,150.0,66.0,583.0,347.0,38138.0,0.15065503703795002,347.0,38138.0,42.6599427121517,19.76063464364573,25.61744213104248,53.56374263763428,58.22145938873291,25.61744213104248,226.28740549087524,134.6856427192688,14803.000121116638,799236.4700668384,87842306.90319622,98257.5850908175,45514.178325267705,59004.01735145793,123372.03628032113,134100.03943513165,59004.01735145793,521202.1532712117,310218.0912266046,34095382.02651367,9654553027.879242,10799273.141768295,5002362.342850316,6485000.615993955,13559546.742532816,14738637.763622627,6485000.615993955,57284172.107946604,34095382.02651367,3747347780.193598,12079.720319909642,5595.481959500222,7253.913544668589,15167.27377521614,16486.167146974065,7253.913544668589,64076.2363112392,38138.0,4191662.951008646,2591.899276632146,3360.1061365691453,7025.67646737185,7636.604855838967,3360.1061365691453,29680.937539694118,17666.012566507477,1941632.2399465768,4356.0,9108.0,9900.0,4356.0,38478.0,22902.0,2517108.0,19044.0,20700.0,9108.0,80454.0,47886.0,5263044.0,22500.0,9900.0,87450.0,52050.0,5720700.0,4356.0,38478.0,22902.0,2517108.0,339889.0,202301.0,22234454.0,120409.0,13233886.0,1454507044.0
0.3647339344024658,7975.676858161661,11525234.159762846,1445.0477827432107,245.49372198615643,1494.0,1494.0,1494.0,66.0,1494.0,2909.0,4203644.0,0.13303084290470224,2909.0,4203644.0,527.0579631994909,89.53989109111596,544.9124979972839,544.9124979972839,544.9124979972839,24.072439670562744,544.9124979972839,1061.011015176773,1533211.614947319,63611421.34581546,91921543372.91478,11525234.159762844,1957978.5972689602,11915661.226093521,11915661.226093521,11915661.226093521,526394.6726386696,11915661.226093521,23201243.98039227,33526906170.750114,132831022437364.4,16654514068.161613,2829372630.6421733,17218699834.68569,17218699834.68569,17218699834.68569,760665454.5443479,17218699834.68569,33526906170.75012,48447981424282.13,2088163.0944110695,354750.15863347356,2158901.3874183567,2158901.3874183567,2158901.3874183567,95373.15366105191,2158901.3874183567,4203644.0,6074466441.641802,60267.16753461627,366767.62064731773,366767.62064731773,366767.62064731773,16202.585651086325,366767.62064731773,714141.237257729,1031968211.4647746,2232036.0,2232036.0,2232036.0,98604.0,2232036.0,4346046.0,6280244136.0,2232036.0,2232036.0,98604.0,2232036.0,4346046.0,6280244136.0,2232036.0,98604.0,2232036.0,4346046.0,6280244136.0,4356.0,98604.0,191994.0,277440504.0,2232036.0,4346046.0,6280244136.0,8462281.0,12228400396.0,17670622878736.0
0.12560701370239258,238.8401659725834,40801.86168698299,170.83333333333334,305.6223250280575,75.0,75.0,77.75,75.0,1292.0,30.0,5125.0,0.015777121891233037,30.0,5125.0,21.4578648408254,38.388307567556296,9.420526027679443,9.420526027679443,9.765945315361023,9.420526027679443,162.2842617034912,3.7682104110717773,643.735945224762,57044.624881811185,9745123.41730941,40801.861686983,72994.88683462808,17913.012447943755,17913.012447943755,18569.82290436836,17913.012447943755,308581.4944365778,7165.2049791775025,1224055.85060949,1664791917.1236906,6970318.038192929,12469959.834248964,3060139.6265237243,3060139.6265237243,3172344.7461629277,3060139.6265237243,52716005.29958203,1224055.8506094897,209109541.14578784,29184.02777777778,52210.480525626495,12812.5,12812.5,13282.291666666668,12812.5,220716.6666666667,5125.0,875520.8333333334,93405.00555555562,22921.67437710431,22921.67437710431,23762.135770931473,22921.67437710431,394864.04393625027,9168.669750841726,1566314.4157687947,5625.0,5625.0,5831.25,5625.0,96900.0,2250.0,384375.0,5625.0,5831.25,5625.0,96900.0,2250.0,384375.0,6045.0625,5831.25,100453.0,2332.5,398468.75,5625.0,96900.0,2250.0,384375.0,1669264.0,38760.0,6621500.0,900.0,153750.0,26265625.0
0.05144691467285156,311.00018537055576,39827.4612390168,128.0625,136.0273266433991,66.0,66.0,105.25,66.0,583.0,16.0,2049.0,0.0026467850293556694,16.0,2049.0,6.588420510292053,6.9981862669990615,3.395496368408203,3.395496368408203,5.414787769317627,3.395496368408203,29.99355125427246,0.823150634765625,105.41472816467285,96721.11530052005,12386347.828172848,39827.4612390168,42304.52380155826,20526.01223445668,20526.01223445668,32732.769510250993,20526.01223445668,181313.10807103402,4976.002965928892,637239.3798242687,1586226668.7453854,5100404.254921588,5417623.079337055,2628612.4417751087,2628612.4417751087,4191840.295406518,2628612.4417751087,23219409.902346794,637239.3798242687,81606468.07874541,16400.00390625,17419.9995182703,8452.125,8452.125,13478.578125,8452.125,74660.4375,2049.0,262400.0625,18503.433593749996,8977.80355846434,8977.80355846434,14316.876129217757,8977.80355846434,79303.93143310168,2176.4372262943857,278719.9922923248,4356.0,4356.0,6946.5,4356.0,38478.0,1056.0,135234.0,4356.0,6946.5,4356.0,38478.0,1056.0,135234.0,11077.5625,6946.5,61360.75,1684.0,215657.25,4356.0,38478.0,1056.0,135234.0,339889.0,9328.0,1194567.0,256.0,32784.0,4198401.0
6.891507863998413,3.047228620271199,374.22869579425816,122.80952380952381,156.06885508756918,66.0,66.0,66.0,60.0,610.0,21.0,2579.0,47.49288063955197,21.0,2579.0,846.3427991072336,1075.5497421612117,454.83951902389526,454.83951902389526,454.83951902389526,413.4904718399048,4203.819797039032,144.72166514396667,17773.198781251907,9.285602264199914,1140.3603923510275,374.2286957942582,475.5774819557991,201.11708893789913,201.11708893789913,201.11708893789913,182.83371721627194,1858.8094583654313,63.991801025695175,7858.802611679422,140047.11675587142,45958.84792635199,58405.444093524085,24699.093922421038,24699.093922421038,24699.093922421038,22453.72174765549,228279.50443449747,7858.802611679422,965135.8064533918,15082.179138321995,19166.741774801947,8105.428571428572,8105.428571428572,8105.428571428572,7368.571428571428,74913.80952380953,2579.0,316725.7619047619,24357.487528344667,10300.544435779566,10300.544435779566,10300.544435779566,9364.13130525415,95202.0016034172,3277.4459568389525,402501.5772708409,4356.0,4356.0,4356.0,3960.0,40260.0,1386.0,170214.0,4356.0,4356.0,3960.0,40260.0,1386.0,170214.0,4356.0,3960.0,40260.0,1386.0,170214.0,3600.0,36600.0,1260.0,154740.0,372100.0,12810.0,1573190.0,441.0,54159.0,6651241.0
6.89156699180603,3.1923073556649264,383.8024070788059,120.22727272727273,152.93906446038085,66.0,66.0,66.0,60.0,610.0,22.0,2645.0,47.49369560255042,22.0,2645.0,828.5543042421341,1053.9898083928554,454.843421459198,454.843421459198,454.843421459198,413.4940195083618,4203.8558650016785,151.61447381973267,18228.19469332695,10.190826253032395,1225.2152472395765,383.80240707880597,488.2285004453861,210.69228547388514,210.69228547388514,210.69228547388514,191.5384413398956,1947.307486955605,70.23076182462839,8443.65295573373,147304.28767948545,46143.51666924735,58698.381076274825,25330.95886720119,25330.95886720119,25330.95886720119,23028.144424728354,234119.4683180716,8443.65295573373,1015157.3667234416,14454.597107438018,18387.446613532153,7935.0,7935.0,7935.0,7213.636363636364,73338.63636363637,2645.0,318001.13636363635,23390.357438016526,10093.978254385136,10093.978254385136,10093.978254385136,9176.34386762285,93292.82932083232,3364.6594181283785,404523.82549770735,4356.0,4356.0,4356.0,3960.0,40260.0,1452.0,174570.0,4356.0,4356.0,3960.0,40260.0,1452.0,174570.0,4356.0,3960.0,40260.0,1452.0,174570.0,3600.0,36600.0,1320.0,158700.0,372100.0,13420.0,1613450.0,484.0,58190.0,6996025.0
6.891373157501221,2.6119613012694143,345.35932761228923,132.22222222222223,166.5428058273293,66.0,66.0,66.0,60.0,609.0,18.0,2380.0,47.491023995928344,18.0,2380.0,911.1926730473837,1147.7086216533949,454.83062839508057,454.83062839508057,454.83062839508057,413.48238945007324,4196.846252918243,124.04471683502197,16401.468114852905,6.822341839329012,902.065198755725,345.35932761228923,435.0033638258104,172.38944588378135,172.38944588378135,172.38944588378135,156.71767807616484,1590.6844324730732,47.015303422849456,6216.467897021206,119273.06516881252,45664.177762069354,57517.11143919049,22793.715622411088,22793.715622411088,22793.715622411088,20721.559656737354,210323.83051588415,6216.467897021206,821955.1997172483,17482.716049382718,22020.65988161354,8726.666666666668,8726.666666666668,8726.666666666668,7933.333333333334,80523.33333333334,2380.0,314688.8888888889,27736.506172839505,10991.825184603733,10991.825184603733,10991.825184603733,9992.568349639758,101424.56874884354,2997.770504891927,396371.87786904373,4356.0,4356.0,4356.0,3960.0,40194.0,1188.0,157080.0,4356.0,4356.0,3960.0,40194.0,1188.0,157080.0,4356.0,3960.0,40194.0,1188.0,157080.0,3600.0,36540.0,1080.0,142800.0,370881.0,10962.0,1449420.0,324.0,42840.0,5664400.0
0.05366778373718262,540.361423196016,553795.9261658203,1024.8620689655172,638.9535477227147,137.0,1494.0,1494.0,66.0,1494.0,29.0,29721.0,0.002880231011261003,29.0,29720.999999999996,55.00207587768291,34.29122081728824,7.3524863719940186,80.17966890335083,80.17966890335083,3.5420737266540527,80.17966890335083,1.556365728378296,1595.0602004528046,291990.46767842385,299249954.82311845,553795.9261658203,345265.8484035896,74029.51497785418,807299.9662548478,807299.9662548478,35663.85393093705,807299.9662548478,15670.481272684463,16060081.85880879,306689927837.8587,567564438.6749774,353849871.73803747,75870041.88471739,827371113.6917356,827371113.6917356,36550531.12694414,827371113.6917356,16060081.85880879,16459368721.574347,1050342.2604042806,654839.2548919587,140406.10344827586,1531143.9310344828,1531143.9310344828,67640.89655172413,1531143.9310344828,29721.0,30459925.551724136,408261.63614744344,87536.63603801191,954596.6002977358,954596.6002977358,42170.93414969917,954596.6002977358,18529.652883958726,18990338.391866803,18769.0,204678.0,204678.0,9042.0,204678.0,3973.0,4071777.0,2232036.0,2232036.0,98604.0,2232036.0,43326.0,44403174.0,2232036.0,98604.0,2232036.0,43326.0,44403174.0,4356.0,98604.0,1914.0,1961586.0,2232036.0,43326.0,44403174.0,841.0,861909.0,883337841.0
0.12650799751281738,403.13656845949873,482032.7662986018,1195.7058823529412,295.026505563493,1292.0,1292.0,1292.0,67.0,1292.0,51.0,60981.0,0.01600427343470301,51.0,60981.0,151.266356790767,37.32321243204158,163.44833278656006,163.44833278656006,163.44833278656006,8.476035833358765,163.44833278656006,6.4519078731536865,7714.584196329117,162519.09282930012,194325035.29065785,482032.7662986018,118935.97305746378,520852.44644967234,520852.44644967234,520852.44644967234,27010.150086786416,520852.44644967234,20559.964991434434,24583671.081228692,232355587785.48248,576369414.1500988,142212442.60818037,622786334.0577935,622786334.0577935,622786334.0577935,32296195.342006322,622786334.0577935,24583671.081228692,29394840121.655037,1429712.5570934257,352764.92815230135,1544852.0,1544852.0,1544852.0,80112.29411764706,1544852.0,60981.0,72915340.41176471,87040.63898500577,381174.245188033,381174.245188033,381174.245188033,19766.77587275403,381174.245188033,15046.351783738142,17991011.335767366,1669264.0,1669264.0,1669264.0,86564.0,1669264.0,65892.0,78787452.0,1669264.0,1669264.0,86564.0,1669264.0,65892.0,78787452.0,1669264.0,86564.0,1669264.0,65892.0,78787452.0,4489.0,86564.0,3417.0,4085727.0,1669264.0,65892.0,78787452.0,2601.0,3110031.0,3718682361.0
0.5603759288787842,117.77807824839059,14891.788833073022,126.43939393939394,210.7496093520862,75.0,75.0,78.0,75.0,1292.0,66.0,8345.0,0.3140211816667602,66.0,8345.0,70.8535928256584,118.0990081015162,42.02819466590881,42.02819466590881,43.709322452545166,42.02819466590881,724.0057001113892,36.984811305999756,4676.337126493454,13871.675715884016,1753926.2704401836,14891.788833073022,24821.683981087757,8833.355868629294,8833.355868629294,9186.690103374465,8833.355868629294,152169.27709692065,7773.353164393779,982858.0629828194,221765374.64883837,1882908.7547271873,3138438.679123899,1116884.1624804765,1116884.1624804765,1161559.5289796956,1116884.1624804765,19240191.172330346,982858.0629828195,124271977.81199437,15986.92033976125,26647.052879441806,9482.954545454546,9482.954545454546,9862.272727272728,9482.954545454546,163359.69696969696,8345.0,1055136.7424242424,44415.39784205694,15806.220701406464,15806.220701406464,16438.469529462724,15806.220701406464,272288.49528289534,13909.474217237688,1758705.4900431593,5625.0,5625.0,5850.0,5625.0,96900.0,4950.0,625875.0,5625.0,5850.0,5625.0,96900.0,4950.0,625875.0,6084.0,5850.0,100776.0,5148.0,650910.0,5625.0,96900.0,4950.0,625875.0,1669264.0,85272.0,10781740.0,4356.0,550770.0,69639025.0
6.228533029556274,5.619300697919463,5797.83390866479,1031.7714285714285,642.8595974556313,171.0,1514.0,1514.0,66.0,1514.0,35.0,36112.0,38.79462370027346,35.0,36112.0,6426.422421809605,4004.07223611965,1065.079148054123,9429.9990067482,9429.9990067482,411.0831799507141,9429.9990067482,217.9986560344696,224924.78476333618,31.57654033363816,32579.77212938118,5797.833908664789,3612.4213846466537,960.9004193442281,8507.621256650067,8507.621256650067,370.87384606268455,8507.621256650067,196.6755244271812,202924.18680326763,33614878.03246324,5982039.37456294,3727193.1726388563,991429.5983816792,8777920.537718492,8777920.537718492,382657.03797187615,8777920.537718492,202924.18680326766,209371378.10970291,1064552.2808163264,663284.1652376502,176432.91428571427,1562101.9428571428,1562101.9428571428,68096.91428571429,1562101.9428571428,36112.0,37259329.828571424,413268.46204081626,109928.99116491295,973289.4305478258,973289.4305478258,42428.73343207166,973289.4305478258,22500.085910947095,23214945.783317756,29241.0,258894.0,258894.0,11286.0,258894.0,5985.0,6175152.0,2292196.0,2292196.0,99924.0,2292196.0,52990.0,54673568.0,2292196.0,99924.0,2292196.0,52990.0,54673568.0,4356.0,99924.0,2310.0,2383392.0,2292196.0,52990.0,54673568.0,1225.0,1263920.0,1304076544.0
0.05706286430358887,140.1962571916821,19820.245860474057,141.375,168.61860625387698,66.0,66.0,93.5,66.0,583.0,8.0,1131.0,0.0032561704825297966,8.0,1131.0,8.067262440919876,9.621860647725264,3.7661490440368652,3.7661490440368652,5.335377812385559,3.7661490440368652,33.26764988899231,0.45650291442871094,64.53809952735901,19654.99053055627,2778724.286257393,19820.245860474057,23639.69748967151,9252.952974651018,9252.952974651018,13108.350047422276,9252.952974651018,81734.41794275066,1121.5700575334567,158561.96688379245,392842145.969639,2802087.25852452,3342062.23260231,1308136.2267912878,1308136.2267912878,1853192.9879543243,1308136.2267912878,11555203.336656375,158561.96688379245,22416698.06819616,19986.890625,23838.455459141856,9330.75,9330.75,13218.5625,9330.75,82421.625,1131.0,159895.125,28432.234375,11128.828012755881,11128.828012755881,15765.839684737497,11128.828012755881,98304.64744601028,1348.9488500310158,190707.64367313485,4356.0,4356.0,6171.0,4356.0,38478.0,528.0,74646.0,4356.0,6171.0,4356.0,38478.0,528.0,74646.0,8742.25,6171.0,54510.5,748.0,105748.5,4356.0,38478.0,528.0,74646.0,339889.0,4664.0,659373.0,64.0,9048.0,1279161.0
6.181566953659058,5.50022352825514,5706.158368004222,1037.4411764705883,630.3790265610268,236.75,1514.0,1514.0,66.0,1514.0,34.0,35273.0,38.21177000256972,34.0,35273.0,6413.012092835763,3896.7301588694086,1463.485976278782,9358.892367839813,9358.892367839813,407.9834189414978,9358.892367839813,210.17327642440796,218042.41115641594,30.252458860771423,31385.146511646777,5706.158368004222,3467.2255536095313,1302.1779203144044,8327.338421778282,8327.338421778282,363.01475286483924,8327.338421778282,187.00759996067475,194009.38451214356,32560243.320744608,5919803.650429793,3597042.5574255586,1350932.9936249997,8639123.769158393,8639123.769158393,376606.45228827867,8639123.769158393,194009.38451214356,201273324.11461294,1076284.1946366783,653981.1589378559,245614.19852941178,1570685.9411764706,1570685.9411764706,68471.11764705883,1570685.9411764706,35273.0,36593662.61764706,397377.7171280277,149242.2345383231,954393.8462133945,954393.8462133945,41605.015753027765,954393.8462133945,21432.88690307491,22235359.403887097,56050.5625,358439.5,358439.5,15625.5,358439.5,8049.5,8350882.75,2292196.0,2292196.0,99924.0,2292196.0,51476.0,53403322.0,2292196.0,99924.0,2292196.0,51476.0,53403322.0,4356.0,99924.0,2244.0,2328018.0,2292196.0,51476.0,53403322.0,1156.0,1199282.0,1244184529.0
6.167218923568726,4.864429230062128,4716.550581468239,969.6,637.9929257706023,128.5,1514.0,1514.0,66.0,1514.0,30.0,29088.0,38.03458925122419,30.0,29088.0,5979.735468292237,3934.6420449154357,792.4876316785812,9337.16945028305,9337.16945028305,407.0364489555359,9337.16945028305,185.01656770706177,179392.0640487671,23.662671734282828,22943.326513560627,4716.550581468239,3103.471436691375,625.0791560629834,7364.745854314062,7364.745854314062,321.0523291841004,7364.745854314062,145.93287690186384,141496.51744404717,22245849.387548387,4573167.443791605,3009125.905015957,606076.7497186688,7140857.580342914,7140857.580342914,311292.3383769038,7140857.580342914,141496.51744404717,137195023.31374815,940124.16,618597.940827176,124593.6,1467974.4000000001,1467974.4000000001,63993.6,1467974.4000000001,29088.0,28203724.8,407034.9733333332,81982.0909615224,965921.2896166918,965921.2896166918,42107.53310085975,965921.2896166918,19139.787773118067,18557938.22481528,16512.25,194549.0,194549.0,8481.0,194549.0,3855.0,3737808.0,2292196.0,2292196.0,99924.0,2292196.0,45420.0,44039232.0,2292196.0,99924.0,2292196.0,45420.0,44039232.0,4356.0,99924.0,1980.0,1919808.0,2292196.0,45420.0,44039232.0,900.0,872640.0,846111744.0
0.047418832778930664,189.79800793407378,196251.1402038323,1034.0,559.7078603065074,898.0,1466.0,1466.0,66.0,1466.0,9.0,9306.0,0.002248545702116189,9.0,9306.0,49.03107309341431,26.54069343292736,42.582111835479736,69.51600885391235,69.51600885391235,3.129642963409424,69.51600885391235,0.426769495010376,441.27965784072876,36023.28381574273,37248075.46547799,196251.1402038323,106231.43691121796,170438.61112479825,278243.87963135215,278243.87963135215,12526.66852364887,278243.87963135215,1708.182071406664,1766260.2618344906,38514510031.304245,202923678.9707626,109843305.76619937,176233523.9030414,287704171.5388182,287704171.5388182,12952575.253452932,287704171.5388182,1766260.2618344906,1826313110.7368634,1069156.0,578737.9275569287,928532.0,1515844.0,1515844.0,68244.0,1515844.0,9306.0,9622404.0,313272.8888888888,502617.6585552437,820531.7232093399,820531.7232093399,36940.718780229494,820531.7232093399,5037.370742758567,5208641.348012358,806404.0,1316468.0,1316468.0,59268.0,1316468.0,8082.0,8356788.0,2149156.0,2149156.0,96756.0,2149156.0,13194.0,13642596.0,2149156.0,96756.0,2149156.0,13194.0,13642596.0,4356.0,96756.0,594.0,614196.0,2149156.0,13194.0,13642596.0,81.0,83754.0,86601636.0
0.5765969753265381,185.57155964858092,206884.53998990252,1114.8504672897195,399.2019797428649,1288.0,1292.0,1292.0,67.0,1292.0,107.0,119289.0,0.33246407195571237,107.0,119289.0,642.8194073806299,230.17865406410183,742.656904220581,744.9632921218872,744.9632921218872,38.63199734687805,744.9632921218872,61.695876359939575,68781.6765897274,34436.80375040683,38391886.75310542,206884.5399899025,74080.53399568464,239016.16882737222,239758.45506596655,239758.45506596655,12433.29449645492,239758.45506596655,19856.156882398158,22136645.77891957,42801212886.83357,230645326.0827615,82588717.942161,266467287.50699446,267294825.66695407,267294825.66695407,13861264.179323468,267294825.66695407,22136645.77891957,24679049890.85548,1242891.5644161059,445050.5136593141,1435927.4018691587,1440386.8037383177,1440386.8037383177,74694.98130841121,1440386.8037383177,119288.99999999999,132989397.39252335,159362.22063062273,514172.14990881004,515768.9578277815,515768.9578277815,26746.53264277195,515768.9578277815,42714.611832486546,47620404.961546615,1658944.0,1664096.0,1664096.0,86296.0,1664096.0,137816.0,153644232.0,1669264.0,1669264.0,86564.0,1669264.0,138244.0,154121388.0,1669264.0,86564.0,1669264.0,138244.0,154121388.0,4489.0,86564.0,7169.0,7992363.0,1669264.0,138244.0,154121388.0,11449.0,12763923.0,14229865521.0
0.06477999687194824,108.05804782357465,16440.260133158146,152.14285714285714,177.66937880024602,66.0,66.0,109.0,66.0,583.0,7.0,1065.0,0.004196447994729624,7.0,1065.0,9.855813809803553,11.509421802920924,4.275479793548584,4.275479793548584,7.061019659042358,4.275479793548584,37.766738176345825,0.4534599781036377,68.99069666862488,11676.541699441947,1776502.4157008107,16440.260133158143,19198.606231181784,7131.831156355927,7131.831156355927,11778.327212769636,7131.831156355927,62997.84188114402,756.4063347650226,115081.820932107,270282153.2459091,2501268.1488304893,2920930.8051726576,1085057.1687884377,1085057.1687884377,1791988.354514238,1085057.1687884377,9584671.6576312,115081.82093210702,17508877.041813426,23147.448979591834,27031.126917466,10041.42857142857,10041.42857142857,16583.571428571428,10041.42857142857,88699.28571428571,1065.0,162032.14285714284,31566.40816326531,11726.179000816237,11726.179000816237,19365.962289226816,11726.179000816237,103581.24784054344,1243.6856516017222,189217.888422262,4356.0,4356.0,7194.0,4356.0,38478.0,462.0,70290.0,4356.0,7194.0,4356.0,38478.0,462.0,70290.0,11881.0,7194.0,63547.0,763.0,116085.0,4356.0,38478.0,462.0,70290.0,339889.0,4081.0,620895.0,49.0,7455.0,1134225.0
0.050269126892089844,179.03633017776176,185143.45832938096,1034.111111111111,559.6809496776701,899.0,1466.0,1466.0,66.0,1466.0,9.0,9307.0,0.0025269851184930303,9.0,9307.0,51.98386266496446,28.13467267843215,45.19194507598877,73.69454002380371,73.69454002380371,3.3177623748779297,73.69454002380371,0.4524221420288086,467.8547639846802,32054.007523520526,33147405.335711725,185143.45832938096,100203.2233006946,160953.6608298078,262467.26004059875,262467.26004059875,11816.397791732275,262467.26004059875,1611.3269715998558,1666291.1249644286,34278100162.163223,191458907.40794984,103621266.58439608,166443969.03811347,271420309.91087246,271420309.91087246,12219468.249739144,271420309.91087246,1666291.1249644286,1723130166.6715486,1069385.7901234566,578772.2887388973,929665.8888888889,1516006.8888888888,1516006.8888888888,68251.33333333333,1516006.8888888888,9307.0,9624472.11111111,313242.7654320987,503153.1737602255,820492.2722274644,820492.2722274644,36938.94267872623,820492.2722274644,5037.1285470990315,5208950.5986500755,808201.0,1317934.0,1317934.0,59334.0,1317934.0,8091.0,8366993.0,2149156.0,2149156.0,96756.0,2149156.0,13194.0,13644062.0,2149156.0,96756.0,2149156.0,13194.0,13644062.0,4356.0,96756.0,594.0,614262.0,2149156.0,13194.0,13644062.0,81.0,83763.0,86620249.0
0.03864407539367676,103.5087515809606,16587.27744084894,160.25,156.39433333724082,66.0,72.0,166.25,66.0,431.0,4.0,641.0,0.0014933645630321735,4.0,641.0,6.1927130818367,6.043714408628149,2.550508975982666,2.7823734283447266,6.424577534198761,2.550508975982666,16.655596494674683,0.15457630157470703,24.7708523273468,10714.061653849014,1716928.3800293047,16587.27744084894,16188.182198074406,6831.5776043434,7452.630113829164,17208.3299503347,6831.5776043434,44612.27193139402,414.0350063238424,66349.10976339575,275137772.8996961,2658111.2098960425,2594156.1972414237,1094760.31109603,1194283.9757411235,2757634.874541136,1094760.31109603,7149116.577005892,66349.10976339575,10632444.83958417,25680.0625,25062.191917292843,10576.5,11538.0,26641.5625,10576.5,69067.75,641.0,102720.25,24459.187499999996,10322.026000257894,11260.39200028134,26000.557917316288,10322.026000257894,67405.95766835079,625.5773333489633,100248.76766917137,4356.0,4752.0,10972.5,4356.0,28446.0,264.0,42306.0,5184.0,11970.0,4752.0,31032.0,288.0,46152.0,27639.0625,10972.5,71653.75,665.0,106566.25,4356.0,28446.0,264.0,42306.0,185761.0,1724.0,276271.0,16.0,2564.0,410881.0
0.02134084701538086,187.43398502960562,53840.41219975422,287.25,218.48040529988037,72.0,273.0,488.25,66.0,537.0,4.0,1149.0,0.00045543175133389013,4.0,1149.0,6.130158305168152,4.662556905363153,1.5365409851074219,5.826051235198975,10.419668555259705,1.4084959030151367,11.460034847259521,0.08536338806152344,24.520633220672607,35131.498744078424,10091523.014236528,53840.41219975422,40950.65301623995,13495.246922131604,51169.47791308234,91514.64319070494,12370.643011953971,100652.04996089822,749.7359401184225,215361.64879901687,2898789985.8394427,15465658.4043794,11763075.078914925,3876509.6783823036,14698432.530532902,26287581.256529998,3553467.2051837784,28912301.351268016,215361.64879901687,61862633.6175176,82512.5625,62758.496422390635,20682.0,78419.25,140249.8125,18958.5,154253.25,1149.0,330050.25,47733.68749999999,15730.589181591387,59645.15064686734,106673.0578876666,14419.706749792105,117323.97764603577,873.9216211995215,251033.98568956254,5184.0,19656.0,35154.0,4752.0,38664.0,288.0,82728.0,74529.0,133292.25,18018.0,146601.0,1092.0,313677.0,238388.0625,32224.5,262190.25,1953.0,560999.25,4356.0,35442.0,264.0,75834.0,288369.0,2148.0,617013.0,16.0,4596.0,1320201.0
0.5538678169250488,167.91009904911132,14483.60015668786,86.25806451612904,110.39498033097068,66.0,66.0,66.0,66.0,1000.0,93.0,8022.0,0.3067695586253194,93.0,8022.0,47.77556588572841,61.144226755398435,36.55527591705322,36.55527591705322,36.55527591705322,36.55527591705322,553.8678169250488,51.50970697402954,4443.127627372742,28193.801362682374,2431942.736897183,14483.600156687862,18536.432081897983,11082.066537241348,11082.066537241348,11082.066537241348,11082.066537241348,167910.09904911133,15615.639211567353,1346974.814571971,209774673.49880862,1249327.316741398,1598916.7544192001,955917.6103413987,955917.6103413987,955917.6103413987,955917.6103413987,14483600.15668786,1346974.814571971,116187440.45695001,7440.453694068679,9522.457335645666,5693.032258064517,5693.032258064517,5693.032258064517,5693.032258064517,86258.06451612904,8022.000000000001,691962.1935483871,12187.051682275403,7286.068701844065,7286.068701844065,7286.068701844065,7286.068701844065,110394.98033097068,10266.733170780273,885588.5322150468,4356.0,4356.0,4356.0,4356.0,66000.0,6138.0,529452.0,4356.0,4356.0,4356.0,66000.0,6138.0,529452.0,4356.0,4356.0,66000.0,6138.0,529452.0,4356.0,66000.0,6138.0,529452.0,1000000.0,93000.0,8022000.0,8649.0,746046.0,64352484.0
0.5188679695129395,765.1272063925304,1111899.4308736427,1453.2216624685138,228.06777072745584,1494.0,1494.0,1494.0,66.0,1494.0,397.0,576929.0,0.26922396978648067,397.0,576929.0,754.030173257256,118.33706110869763,775.1887464523315,775.1887464523315,775.1887464523315,34.245285987854004,775.1887464523315,205.99058389663696,299349.97878313065,585419.6419620379,850744505.3337947,1111899.4308736427,174500.85628487042,1143100.0463504405,1143100.0463504405,1143100.0463504405,50498.39562190701,1143100.0463504405,303755.50093783456,441424074.0568362,1236320344377.1304,1615836339.4319894,253588424.47247857,1661177749.725222,1661177749.725222,1661177749.725222,73385362.43766041,1661177749.725222,441424074.0568361,641487026754.4998,2111853.2002677512,331433.02493204124,2171113.1637279596,2171113.1637279596,2171113.1637279596,95912.62972292192,2171113.1637279596,576929.0,838405720.5062972,52014.908044591364,340733.24946681905,340733.24946681905,340733.24946681905,15052.472868012086,340733.24946681905,90542.90497879997,131578910.89802037,2232036.0,2232036.0,2232036.0,98604.0,2232036.0,593118.0,861931926.0,2232036.0,2232036.0,98604.0,2232036.0,593118.0,861931926.0,2232036.0,98604.0,2232036.0,593118.0,861931926.0,4356.0,98604.0,26202.0,38077314.0,2232036.0,593118.0,861931926.0,157609.0,229040813.0,332847071041.0
0.12542510032653809,406.61717524820796,36069.3353102528,88.70588235294117,90.77386125403363,66.0,66.0,66.0,66.0,583.0,51.0,4524.0,0.015731455791922144,51.0,4524.0,11.125944193671732,11.385320654814416,8.278056621551514,8.278056621551514,8.278056621551514,8.278056621551514,73.1228334903717,6.396680116653442,567.4231538772583,165337.52720683187,14666411.236935437,36069.3353102528,36910.21104948791,26836.733566381725,26836.733566381725,26836.733566381725,26836.733566381725,237057.81316970524,20737.475937658604,1839536.1008228927,1300996949.7234492,3199562.2145800716,3274152.838978104,2380576.130476685,2380576.130476685,2380576.130476685,2380576.130476685,21028422.48587738,1839536.1008228927,163177672.94358367,7868.733564013841,8052.175457122513,5854.588235294117,5854.588235294117,5854.588235294117,5854.588235294117,51715.529411764706,4524.0,401305.41176470584,8239.893886966549,5991.07484276622,5991.07484276622,5991.07484276622,5991.07484276622,52921.16111110161,4629.466923955715,410660.94831324817,4356.0,4356.0,4356.0,4356.0,38478.0,3366.0,298584.0,4356.0,4356.0,4356.0,38478.0,3366.0,298584.0,4356.0,4356.0,38478.0,3366.0,298584.0,4356.0,38478.0,3366.0,298584.0,339889.0,29733.0,2637492.0,2601.0,230724.0,20466576.0
0.10552692413330078,2482.7787045990617,3635081.7874255558,1464.118320610687,240.37740151798468,1510.0,1510.0,1510.0,66.0,1510.0,262.0,383599.0,0.011135931717035419,262.0,383599.0,154.50390294125972,25.36628781334835,159.34565544128418,159.34565544128418,159.34565544128418,6.964776992797852,159.34565544128418,27.648054122924805,40480.02257061005,6164190.096010595,9025103651.296062,3635081.7874255553,596803.8935557106,3748995.843944583,3748995.843944583,3748995.843944583,163863.39450353806,3748995.843944583,650488.0206049542,952391428.3054955,13213819601272.973,5322189841.888,873791514.3667063,5488973499.012589,5488973499.012589,5488973499.012589,239915397.9700867,5488973499.012589,952391428.3054956,1394413738574.6558,2143642.456747859,351940.95742327254,2210818.6641221377,2210818.6641221377,2210818.6641221377,96631.80916030535,2210818.6641221377,383599.0,561634323.667939,57781.29516053842,362969.87629215687,362969.87629215687,362969.87629215687,15864.908500186988,362969.87629215687,62978.87919771198,92208530.8448974,2280100.0,2280100.0,2280100.0,99660.0,2280100.0,395620.0,579234490.0,2280100.0,2280100.0,99660.0,2280100.0,395620.0,579234490.0,2280100.0,99660.0,2280100.0,395620.0,579234490.0,4356.0,99660.0,17292.0,25317534.0,2280100.0,395620.0,579234490.0,68644.0,100502938.0,147148192801.0
1.6415188312530518,71.88464594702506,6994.132373879616,97.29661016949153,81.0037987518972,66.0,66.0,66.0,66.0,583.0,118.0,11481.0,2.694584073358385,118.0,11481.0,159.71421781030753,132.9692610542717,108.34024286270142,108.34024286270142,108.34024286270142,108.34024286270142,957.0054786205292,193.6992220878601,18846.277701616287,5167.402322929147,502770.72940296214,6994.132373879617,5822.929393644201,4744.386632503654,4744.386632503654,4744.386632503654,4744.386632503654,41908.74858711561,8482.388221748957,825307.6201177947,48917887.66335092,680505.3710551854,566551.2912578734,461612.73667605466,461612.73667605466,461612.73667605466,461612.73667605466,4077579.1739718164,825307.6201177947,80299633.78451188,9466.630350474003,7881.395029411286,6421.576271186441,6421.576271186441,6421.576271186441,6421.576271186441,56723.92372881356,11481.0,1117062.3813559322,6561.615412237861,5346.250717625215,5346.250717625215,5346.250717625215,5346.250717625215,47225.214672356065,9558.448252723869,930004.6134705317,4356.0,4356.0,4356.0,4356.0,38478.0,7788.0,757746.0,4356.0,4356.0,4356.0,38478.0,7788.0,757746.0,4356.0,4356.0,38478.0,7788.0,757746.0,4356.0,38478.0,7788.0,757746.0,339889.0,68794.0,6693423.0,13924.0,1354758.0,131813361.0
0.31945300102233887,410.07597230504456,33162.937790836964,80.87022900763358,59.81745729849673,66.0,66.0,66.0,66.0,583.0,131.0,10594.0,0.10205021986217844,131.0,10594.000000000002,25.834237349852348,19.108866247530386,21.083898067474365,21.083898067474365,21.083898067474365,21.083898067474365,186.24109959602356,41.84834313392639,3384.285092830658,168162.30306192767,13599323.959069174,33162.93779083696,24529.70196249653,27065.014172132942,27065.014172132942,27065.014172132942,27065.014172132942,239074.291853841,53719.95237196084,4344344.850599642,1099780442.9189224,2681894.373710891,1983722.6151960935,2188753.8941952395,2188753.8941952395,2188753.8941952395,2188753.8941952395,19333992.73205795,4344344.850599642,351328162.9561268,6539.9939397471,4837.451470383773,5337.435114503816,5337.435114503816,5337.435114503816,5337.435114503816,47147.34351145038,10594.0,856739.2061068702,3578.128197657479,3947.952181700784,3947.952181700784,3947.952181700784,3947.952181700784,34873.577605023595,7836.086906103072,633706.1426202743,4356.0,4356.0,4356.0,4356.0,38478.0,8646.0,699204.0,4356.0,4356.0,4356.0,38478.0,8646.0,699204.0,4356.0,4356.0,38478.0,8646.0,699204.0,4356.0,38478.0,8646.0,699204.0,339889.0,76373.0,6176302.0,17161.0,1387814.0,112232836.0
1.6281969547271729,702.0035240094928,981815.4955755128,1398.5905511811025,315.5677248342882,1494.0,1494.0,1494.0,66.0,1494.0,1143.0,1598589.0,2.6510253233828394,1143.0,1598589.0,2277.180876343269,513.8064085853705,2432.5262503623962,2432.5262503623962,2432.5262503623962,107.46099901199341,2432.5262503623962,1861.0291192531586,2602817.7416603565,492808.9477217466,689237937.8211366,981815.4955755129,221529.65489732826,1048793.2648701824,1048793.2648701824,1048793.2648701824,46332.23258462652,1048793.2648701824,802390.0279428503,1122215111.442811,963961667352.1897,1373157875.1151037,309829282.1458137,1466832350.389816,1466832350.389816,1466832350.389816,64799822.707983844,1466832350.389816,1122215111.442811,1569519451256.5635,1956055.52985306,441350.0382109536,2089494.283464567,2089494.283464567,2089494.283464567,92306.97637795276,2089494.283464567,1598589.0,2235771470.6220474,99582.98895708902,471458.18090242654,471458.18090242654,471458.18090242654,20827.469839063022,471458.18090242654,360693.9094855914,504463093.67511994,2232036.0,2232036.0,2232036.0,98604.0,2232036.0,1707642.0,2388291966.0,2232036.0,2232036.0,98604.0,2232036.0,1707642.0,2388291966.0,2232036.0,98604.0,2232036.0,1707642.0,2388291966.0,4356.0,98604.0,75438.0,105506874.0,2232036.0,1707642.0,2388291966.0,1306449.0,1827187227.0,2555486790921.0
0.3108839988708496,7423.990968923465,10876716.113667633,1465.0766897746967,179.8996343356569,1494.0,1494.0,1494.0,66.0,1494.0,2308.0,3381397.0,0.09664886075393042,2308.0,3381397.0000000005,455.4688999696249,55.92791771767262,464.4606943130493,464.4606943130493,464.4606943130493,20.518343925476074,464.4606943130493,717.5202693939209,1051222.2211298943,55115641.90665716,80748642199.41283,10876716.113667632,1335573.2606205505,11091442.507571656,11091442.507571656,11091442.507571656,489983.40394894866,11091442.507571656,17134571.156275358,25103460790.3449,118302953417317.14,15935223239.43128,1956717251.6215546,16249813873.819445,16249813873.819445,16249813873.819445,717863263.5020638,16249813873.819445,25103460790.3449,36778495236607.39,2146449.7069211826,263566.7607641626,2188824.574523397,2188824.574523397,2188824.574523397,96695.06152512998,2188824.574523397,3381397.0,4954005923.57409,32363.878434103066,268770.05369747145,268770.05369747145,268770.05369747145,11873.375866153356,268770.05369747145,415208.35604669614,608312083.8436873,2232036.0,2232036.0,2232036.0,98604.0,2232036.0,3448152.0,5051807118.0,2232036.0,2232036.0,98604.0,2232036.0,3448152.0,5051807118.0,2232036.0,98604.0,2232036.0,3448152.0,5051807118.0,4356.0,98604.0,152328.0,223172202.0,2232036.0,3448152.0,5051807118.0,5326864.0,7804264276.0,11433845671609.0
0.07892107963562012,405.468350759322,43157.03758394533,106.4375,118.08787445690604,66.0,66.0,66.0,66.0,583.0,32.0,3406.0,0.006228536810851892,32.0,3406.0,8.400162413716316,9.319622544014592,5.208791255950928,5.208791255950928,5.208791255950928,5.208791255950928,46.01098942756653,2.5254745483398438,268.8051972389221,164404.58346748457,17498812.85282039,43157.03758394533,47880.895700715555,26760.91115011525,26760.91115011525,26760.91115011525,26760.91115011525,236388.04849268473,12974.987224298304,1381025.2026862507,1862529893.0220702,4593527.187841182,5096322.836144912,2848364.480540392,2848364.480540392,2848364.480540392,2848364.480540392,25160552.91144013,1381025.2026862507,146992870.0109178,11328.94140625,12568.978137506936,7024.875,7024.875,7024.875,7024.875,62053.0625,3406.0,362526.125,13944.746093750002,7793.799714155798,7793.799714155798,7793.799714155798,7793.799714155798,68845.23080837622,3778.811982620993,402207.30040022195,4356.0,4356.0,4356.0,4356.0,38478.0,2112.0,224796.0,4356.0,4356.0,4356.0,38478.0,2112.0,224796.0,4356.0,4356.0,38478.0,2112.0,224796.0,4356.0,38478.0,2112.0,224796.0,339889.0,18656.0,1985698.0,1024.0,108992.0,11600836.0
0.0602569580078125,896.1620663459104,1078398.2820967333,1203.351851851852,557.5612624505577,1494.0,1494.0,1494.0,66.0,1494.0,54.0,64981.0,0.003630900988355279,54.0,64981.0,72.51032200566046,33.59694557826618,90.02389526367188,90.02389526367188,90.02389526367188,3.976959228515625,90.02389526367188,3.253875732421875,3915.557388305664,803106.4491573719,966419632.8276886,1078398.2820967336,499665.25307212624,1338866.12712079,1338866.12712079,1338866.12712079,59146.696378830085,1338866.12712079,48392.75158267916,58233507.2332236,1162942854829.1855,1297692569.79496,601273107.5903673,1611127033.4525197,1611127033.4525197,1611127033.4525197,71174286.6183844,1611127033.4525197,58233507.2332236,70075398768.92783,1448055.6793552814,670942.377690735,1797807.6666666667,1797807.6666666667,1797807.6666666667,79421.22222222223,1797807.6666666667,64981.00000000001,78195006.6851852,310874.5613854597,832996.5261011332,832996.5261011332,832996.5261011332,36799.04332173681,832996.5261011332,30108.308172330115,36230888.39529969,2232036.0,2232036.0,2232036.0,98604.0,2232036.0,80676.0,97081614.0,2232036.0,2232036.0,98604.0,2232036.0,80676.0,97081614.0,2232036.0,98604.0,2232036.0,80676.0,97081614.0,4356.0,98604.0,3564.0,4288746.0,2232036.0,80676.0,97081614.0,2916.0,3508974.0,4222530361.0
0.12265205383300781,89.68459684316927,14830.571059793174,165.36363636363637,162.44678721872572,66.0,78.0,162.0,66.0,583.0,11.0,1819.0,0.015043526309455046,11.0,1819.0,20.282189629294656,19.92443209095031,8.095035552978516,9.56686019897461,19.869632720947266,8.095035552978516,71.50614738464355,1.349172592163086,223.1040859222412,8043.326910921808,1330073.7864515244,14830.571059793174,14568.974620179519,5919.183391649172,6995.398553767203,14528.904688593422,5919.183391649172,52286.11995956769,986.530565274862,163136.2816577249,219945837.95957482,2452437.159796708,2409178.621282413,978817.6899463495,1156784.5426638676,2402552.511686494,978817.6899463495,8646222.92785942,163136.2816577249,26976808.757763784,27345.13223140496,26862.791450078374,10914.0,12898.363636363638,26788.909090909092,10914.0,96407.0,1819.0,300796.4545454546,26388.95867768595,10721.487956435898,12670.849403060605,26316.379529433565,10721.487956435898,94706.4769485171,1786.914659405983,295490.7059508621,4356.0,5148.0,10692.0,4356.0,38478.0,726.0,120054.0,6084.0,12636.0,5148.0,45474.0,858.0,141882.0,26244.0,10692.0,94446.0,1782.0,294678.0,4356.0,38478.0,726.0,120054.0,339889.0,6413.0,1060477.0,121.0,20009.0,3308761.0
0.10764002799987793,139.35336397364196,81596.03971869982,585.5333333333333,645.4952482827085,66.0,132.0,1451.0,66.0,1510.0,15.0,8783.0,0.011586375627814505,15.000000000000002,8783.0,63.026824394861855,69.4811265989389,7.104241847991943,14.208483695983887,156.18568062782288,7.104241847991943,162.53644227981567,1.614600419998169,945.4023659229279,19419.360050770334,11370682.621727722,81596.03971869982,89951.93427719666,9197.322022260369,18394.644044520737,202201.73112575448,9197.322022260369,210423.57960019936,2090.3004596046294,1223940.5957804974,6657913697.775638,47777201.12328936,52669855.91710789,5385338.6214341875,10770677.242868375,118395853.63183343,5385338.6214341875,123210019.97523673,1223940.5957804972,716658016.8493404,342849.2844444444,377958.98437780194,38645.2,77290.4,849608.8666666666,38645.2,884155.3333333333,8783.0,5142739.266666667,416664.1155555555,42602.68638665877,85205.37277331753,936613.6052582101,42602.68638665877,974697.8249068899,9682.428724240628,5669384.765667029,4356.0,8712.0,95766.0,4356.0,99660.0,990.0,579678.0,17424.0,191532.0,8712.0,199320.0,1980.0,1159356.0,2105401.0,95766.0,2191010.0,21765.0,12744133.0,4356.0,99660.0,990.0,579678.0,2280100.0,22650.0,13262330.0,225.0,131745.0,77141089.0
0.04637789726257324,172.49596191709978,47953.87741295374,278.0,396.4602754375273,75.0,96.0,188.75,75.0,1292.0,8.0,2224.0,0.0021509093544977986,8.0,2224.0,12.893055438995361,18.38699392293313,3.478342294692993,4.452278137207031,8.7538281083107,3.478342294692993,59.92024326324463,0.37102317810058594,103.14444351196289,29754.856877705537,8271850.21200214,47953.87741295374,68387.7965735146,12937.197143782483,16559.61234404158,32558.61281185258,12937.197143782483,222864.78279689292,1379.9676953367982,383631.01930362993,2299574358.936595,13331177.92080114,19011807.44743706,3596540.8059715307,4603572.231643559,9051294.36169502,3596540.8059715307,61956409.61753623,383631.01930362993,106649423.36640912,77284.0,110215.95657163259,20850.0,26688.0,52472.5,20850.0,359176.0,2224.0,618272.0,157180.75,29734.520657814548,38060.18644200262,74831.87698883328,29734.520657814548,512226.6758652853,3171.6822035002183,881727.6525730607,5625.0,7200.0,14156.25,5625.0,96900.0,600.0,166800.0,9216.0,18120.0,7200.0,124032.0,768.0,213504.0,35626.5625,14156.25,243865.0,1510.0,419780.0,5625.0,96900.0,600.0,166800.0,1669264.0,10336.0,2873408.0,64.0,17792.0,4946176.0
0.39970898628234863,85.06188543877994,8798.901502593795,103.44117647058823,126.38507711064221,60.0,60.0,60.0,60.0,574.0,34.0,3517.0,0.15976727371486277,34.0,3517.0,41.34636778691235,50.517251053111266,23.982539176940918,23.982539176940918,23.982539176940918,23.982539176940918,229.43295812606812,13.590105533599854,1405.7765047550201,7235.524354400122,748451.151600742,8798.901502593795,10750.552950356816,5103.713126326797,5103.713126326797,5103.713126326797,5103.713126326797,48825.52224185968,2892.104104918518,299162.65108818904,77420667.65234734,910168.7230771288,1112049.8448942625,527934.0901556277,527934.0901556277,527934.0901556277,527934.0901556277,5050569.4624888385,299162.65108818904,30945736.58462238,10700.076989619376,13073.421064650844,6206.470588235294,6206.470588235294,6206.470588235294,6206.470588235294,59375.23529411764,3517.0,363802.6176470588,15973.187716262979,7583.104626638533,7583.104626638533,7583.104626638533,7583.104626638533,72545.03426150863,4297.092621761835,444496.3161981287,3600.0,3600.0,3600.0,3600.0,34440.0,2040.0,211020.0,3600.0,3600.0,3600.0,34440.0,2040.0,211020.0,3600.0,3600.0,34440.0,2040.0,211020.0,3600.0,34440.0,2040.0,211020.0,329476.0,19516.0,2018758.0,1156.0,119578.0,12369289.0
0.38332700729370117,266.0913477506391,358792.8775772955,1348.3823529411766,435.8058806061871,1514.0,1514.0,1514.0,60.0,1514.0,102.0,137535.0,0.14693959452074523,102.00000000000001,137535.0,516.8713720405804,167.05616397376573,580.3570890426636,580.3570890426636,580.3570890426636,22.99962043762207,580.3570890426636,39.09935474395752,52720.87994813919,70804.60534775155,95471680.35787262,358792.8775772956,115964.17412815444,402862.3004944676,402862.3004944676,402862.3004944676,15965.480865038346,402862.3004944676,27141.317470565187,36596873.51288415,128732329000.19618,483789984.4862093,156364045.96780115,543212416.6520255,543212416.6520255,543212416.6520255,21527572.65463773,543212416.6520255,36596873.51288414,49346578417.59334,1818134.9697231837,587632.958717372,2041450.8823529414,2041450.8823529414,2041450.8823529414,80902.9411764706,2041450.8823529414,137535.0,185449766.9117647,189926.7655709342,659810.1032377672,659810.1032377672,659810.1032377672,26148.352836371225,659810.1032377672,44452.199821831084,59938561.78917194,2292196.0,2292196.0,2292196.0,90840.0,2292196.0,154428.0,208227990.0,2292196.0,2292196.0,90840.0,2292196.0,154428.0,208227990.0,2292196.0,90840.0,2292196.0,154428.0,208227990.0,3600.0,90840.0,6120.0,8252100.0,2292196.0,154428.0,208227990.0,10404.0,14028570.0,18915876225.0
0.03167891502380371,284.10063896561326,104328.06797570577,367.22222222222223,426.2679850302253,67.0,115.0,667.0,67.0,1292.0,9.0,3305.0,0.0010035536570853765,9.0,3305.0,11.63320157263014,13.50370727514054,2.1224873065948486,3.6430752277374268,21.129836320877075,2.1224873065948486,40.929158210754395,0.2851102352142334,104.69881415367126,80713.17306066972,29639670.773945943,104328.06797570577,121103.00691767148,19034.742810696087,32671.573481045525,189495.12619006404,19034.742810696087,367058.0255435723,2556.905750690519,938952.6117813519,10884345767.543484,38311584.96218973,44471715.318100475,6989980.554372286,11997727.817206163,69586821.33979575,6989980.554372286,134791863.82461184,938952.6117813519,344804264.65970755,134852.16049382716,156535.0767249883,24603.88888888889,42230.555555555555,244937.22222222222,24603.88888888889,474451.1111111111,3305.0,1213669.4444444445,181704.39506172837,28559.954997025096,49020.81827847591,284320.7460151603,28559.954997025096,550738.236659051,3836.4118652720276,1408815.6905248947,4489.0,7705.0,44689.0,4489.0,86564.0,603.0,221435.0,13225.0,76705.0,7705.0,148580.0,1035.0,380075.0,444889.0,44689.0,861764.0,6003.0,2204435.0,4489.0,86564.0,603.0,221435.0,1669264.0,11628.0,4270060.0,81.0,29745.0,10923025.0
0.07644295692443848,156.97979883040935,23533.88817465887,149.91666666666666,153.06069511435288,66.0,72.0,137.0,66.0,583.0,12.0,1799.0,0.005843525663351556,12.0,1799.0,11.460073292255402,11.700412123451088,5.0452351570129395,5.50389289855957,10.472685098648071,5.0452351570129395,44.56624388694763,0.9173154830932617,137.52087950706482,24642.65724083579,3694345.031355299,23533.888174658867,24027.437127893736,10360.666722807016,11302.545515789474,21506.23243976608,10360.666722807016,91519.22271812866,1883.7575859649123,282406.65809590643,553843892.6173487,3528122.068850942,3602113.282756736,1553236.6195274855,1694439.9485754387,3224142.679928265,1553236.6195274855,13720256.805826122,282406.65809590643,42337464.82621131,22475.00694444444,22946.349209226733,9894.5,10794.0,20538.583333333332,9894.5,87401.41666666666,1799.0,269700.0833333333,23427.576388888887,10102.00587754729,11020.370048233408,20969.315230666343,10102.00587754729,89234.38525166773,1836.7283413722346,275356.19051072083,4356.0,4752.0,9042.0,4356.0,38478.0,792.0,118734.0,5184.0,9864.0,4752.0,41976.0,864.0,129528.0,18769.0,9042.0,79871.0,1644.0,246463.0,4356.0,38478.0,792.0,118734.0,339889.0,6996.0,1048817.0,144.0,21588.0,3236401.0
0.06005597114562988,283.06927147638083,158701.95449655212,560.6470588235294,625.634919024757,66.0,137.0,1494.0,66.0,1494.0,17.0,9531.0,0.003606719670244729,17.0,9531.0,33.67020358758814,37.57311264464929,3.9636940956115723,8.227668046951294,89.72362089157104,3.9636940956115723,89.72362089157104,1.020951509475708,572.3934609889984,80128.212454169,44923646.64121675,158701.9544965521,177098.02073852246,18682.571917441135,38780.49019226417,422905.49158571294,18682.571917441135,422905.49158571294,4812.177615098474,2697933.2264413857,25186310361.0257,88975784.01803754,99289484.45052105,10474328.99677244,21742167.76602764,237100720.01784888,10474328.99677244,237100720.01784888,2697933.226441386,1512588328.3066382,314325.124567474,350760.37724852696,37002.70588235294,76808.64705882352,837606.7058823529,37002.70588235294,837606.7058823529,9531.0,5343527.117647058,391419.05190311425,41291.90465563396,85711.9839063917,934698.5690229869,41291.90465563396,934698.5690229869,10635.793623420868,5962926.413224959,4356.0,9042.0,98604.0,4356.0,98604.0,1122.0,629046.0,18769.0,204678.0,9042.0,204678.0,2329.0,1305747.0,2232036.0,98604.0,2232036.0,25398.0,14239314.0,4356.0,98604.0,1122.0,629046.0,2232036.0,25398.0,14239314.0,289.0,162027.0,90839961.0
0.5747079849243164,36.54029620410703,4577.977110143124,125.28571428571429,135.68561100578646,66.0,66.0,104.0,66.0,583.0,21.0,2631.0,0.3302892679357683,21.0,2631.0000000000005,72.00270039694651,77.97960408436018,37.93072700500488,37.93072700500488,59.769630432128906,37.93072700500488,335.05475521087646,12.068867683410645,1512.0567083358765,1335.1932466838787,167280.63962025166,4577.977110143123,4957.992416786682,2411.659549471064,2411.659549471064,3800.190805227131,2411.659549471064,21302.9926869944,767.3462202862477,96137.5193130056,20957874.42099439,573555.1322279314,621165.6213602744,302146.4892694462,302146.4892694462,476109.6194548849,302146.4892694462,2668960.6552134412,96137.51931300561,12044657.77678656,15696.510204081635,16999.468693153533,8268.857142857143,8268.857142857143,13029.714285714286,8268.857142857143,73041.57142857143,2631.0,329626.7142857143,18410.5850340136,8955.250326381905,8955.250326381905,14111.303544601791,8955.250326381905,79104.7112163735,2849.3978311215155,356988.84255622415,4356.0,4356.0,6864.0,4356.0,38478.0,1386.0,173646.0,4356.0,6864.0,4356.0,38478.0,1386.0,173646.0,10816.0,6864.0,60632.0,2184.0,273624.0,4356.0,38478.0,1386.0,173646.0,339889.0,12243.0,1533873.0,441.0,55251.0,6922161.0
0.0557248592376709,89.72656133009879,52884.835247960225,589.4,575.5180622708551,83.0,205.0,1292.0,75.0,1292.0,5.0,2947.0,0.0031052599370582357,5.0,2947.0,32.84423203468322,32.070663008780514,4.625163316726685,11.423596143722534,71.9965181350708,4.179364442825317,71.9965181350708,0.2786242961883545,164.22116017341614,8050.85580812398,4745174.413308273,52884.835247960225,51639.256710925496,7447.304590398199,18393.945072670253,115926.71723848763,6729.492099757409,115926.71723848763,448.63280665049393,264424.1762398011,2796805799.203896,31170321.895147756,30436177.905419488,4389441.325580698,10841391.225831846,68327207.14036462,3966362.643597017,68327207.14036462,264424.1762398011,155851609.4757388,347392.36,339210.345902442,48920.2,120827.0,761504.7999999999,44205.0,761504.7999999999,2947.0,1736961.8,331221.03999999986,47767.99916848097,117981.2027655253,743569.3364539448,43163.85467031413,743569.3364539448,2877.5903113542754,1696051.72951221,6889.0,17015.0,107236.0,6225.0,107236.0,415.0,244601.0,42025.0,264860.0,15375.0,264860.0,1025.0,604135.0,1669264.0,96900.0,1669264.0,6460.0,3807524.0,5625.0,96900.0,375.0,221025.0,1669264.0,6460.0,3807524.0,25.0,14735.0,8684809.0
0.05454897880554199,128.32504206822702,21118.635494656788,164.57142857142858,205.68134656922734,66.0,66.0,112.0,66.0,664.0,7.0,1152.0,0.0029755910887274695,7.0,1152.0,8.977203369140625,11.21970741470012,3.6002326011657715,3.6002326011657715,6.109485626220703,3.6002326011657715,36.22052192687988,0.38184285163879395,62.840423583984375,16467.316421812233,2710049.788275385,21118.63549465679,26394.067451145682,8469.452776502983,8469.452776502983,14372.404711641426,8469.452776502983,85207.82793330275,898.2752944775891,147830.44846259753,445996765.1561776,3475524.012834946,4343709.386245688,1393829.942647348,1393829.942647348,2365287.17540156,1393829.942647348,14022773.968452107,147830.4484625975,24328668.08984462,27083.75510204082,33849.27303539284,10861.714285714286,10861.714285714286,18432.0,10861.714285714286,109275.42857142858,1152.0,189586.28571428574,42304.81632653061,13574.968873569005,13574.968873569005,23036.310815753463,13574.968873569005,136572.41412196695,1439.7694259845914,236944.9112477499,4356.0,4356.0,7392.0,4356.0,43824.0,462.0,76032.0,4356.0,7392.0,4356.0,43824.0,462.0,76032.0,12544.0,7392.0,74368.0,784.0,129024.0,4356.0,43824.0,462.0,76032.0,440896.0,4648.0,764928.0,49.0,8064.0,1327104.0
0.05838513374328613,102.76588602813565,18617.75301876391,181.16666666666666,218.23719257317765,66.0,72.0,129.0,66.0,665.0,6.0,1087.0,0.003408823842221409,6.0,1087.0,10.57744006315867,12.74180767614427,3.8534188270568848,4.203729629516602,7.531682252883911,3.8534188270568848,38.82611393928528,0.3503108024597168,63.464640378952026,10560.827331147766,1913269.8848262704,18617.75301876391,22427.33845907547,6782.5484778569535,7399.143794025767,13256.799297629499,6782.5484778569535,68339.31420871022,616.595316168814,111706.51811258345,346620727.4676927,3372916.255232728,4063086.150835839,1228771.6992384181,1340478.2173510015,2401690.1394205443,1228771.6992384181,12380805.757478,111706.51811258346,20237497.53139637,32821.36111111111,39537.30472117401,11957.0,13044.0,23370.5,11957.0,120475.83333333333,1087.0,196928.16666666666,47627.472222222226,14403.654709829725,15713.077865268791,28152.597841939918,14403.654709829725,145127.73306116313,1309.4231554390658,237223.82832704412,4356.0,4752.0,8514.0,4356.0,43890.0,396.0,71742.0,5184.0,9288.0,4752.0,47880.0,432.0,78264.0,16641.0,8514.0,85785.0,774.0,140223.0,4356.0,43890.0,396.0,71742.0,442225.0,3990.0,722855.0,36.0,6522.0,1181569.0
0.04043292999267578,123.66157982876148,22506.40752883459,182.0,201.37229203641698,66.0,78.0,117.0,66.0,583.0,5.0,910.0,0.0016348218277926208,5.0,910.0,7.358793258666992,8.14207178637311,2.6685733795166016,3.153768539428711,4.730652809143066,2.6685733795166016,23.57239818572998,0.2021646499633789,36.79396629333496,15292.186325745148,2783177.911285617,22506.40752883459,24902.015766962046,8161.664268698258,9645.603226643396,14468.404839965093,8161.664268698258,72094.70104016794,618.3078991438074,112532.03764417295,506538379.85398227,4096166.170247895,4532166.869587093,1485422.8969030827,1755499.7872490978,2633249.680873647,1485422.8969030827,13121235.589310566,112532.03764417295,20480830.851239476,33124.0,36649.75715062789,12012.0,14196.0,21294.0,12012.0,106106.0,910.0,165620.0,40550.8,13290.57127440352,15707.038778840524,23560.558168260788,13290.57127440352,117400.0462572311,1006.8614601820849,183248.78575313944,4356.0,5148.0,7722.0,4356.0,38478.0,330.0,60060.0,6084.0,9126.0,5148.0,45474.0,390.0,70980.0,13689.0,7722.0,68211.0,585.0,106470.0,4356.0,38478.0,330.0,60060.0,339889.0,2915.0,530530.0,25.0,4550.0,828100.0
0.040400028228759766,123.76228976099144,22524.736736500443,182.0,201.37229203641698,66.0,78.0,117.0,66.0,583.0,5.0,910.0,0.001632162280884586,5.0,910.0,7.352805137634277,8.1354462827613,2.6664018630981445,3.1512022018432617,4.726803302764893,2.6664018630981445,23.553216457366943,0.20200014114379883,36.76402568817139,15317.104366883606,2787712.9947728165,22524.736736500443,24922.295956846025,8168.3111242254345,9653.458601357332,14480.187902035997,8168.3111242254345,72153.41493065801,618.8114488049572,112623.6836825022,507363765.04865265,4099502.086043081,4535857.864145977,1486632.6246090292,1756929.4654470345,2635394.198170552,1486632.6246090292,13131921.517379759,112623.68368250222,20497510.430215403,33124.0,36649.75715062789,12012.0,14196.0,21294.0,12012.0,106106.0,910.0,165620.0,40550.8,13290.57127440352,15707.038778840524,23560.558168260788,13290.57127440352,117400.0462572311,1006.8614601820849,183248.78575313944,4356.0,5148.0,7722.0,4356.0,38478.0,330.0,60060.0,6084.0,9126.0,5148.0,45474.0,390.0,70980.0,13689.0,7722.0,68211.0,585.0,106470.0,4356.0,38478.0,330.0,60060.0,339889.0,2915.0,530530.0,25.0,4550.0,828100.0
0.038961172103881836,128.33289477710125,23356.586849432428,182.0,201.37229203641698,66.0,78.0,117.0,66.0,583.0,5.0,910.0,0.0015179729317083002,5.0,910.0,7.090933322906494,7.845700526983996,2.571437358856201,3.038971424102783,4.558457136154175,2.571437358856201,22.71436333656311,0.19480586051940918,35.45466661453247,16469.33188187054,2997418.4025004385,23356.586849432428,25842.689164933203,8469.971055288683,10009.965792613897,15014.948688920846,8469.971055288683,74818.07765505003,641.6644738855063,116782.93424716213,545530149.2550799,4250898.806596702,4703369.4280178435,1541534.7320625402,1821813.7742557293,2732720.661383594,1541534.7320625402,13616890.133219106,116782.93424716213,21254494.032983508,33124.0,36649.75715062789,12012.0,14196.0,21294.0,12012.0,106106.0,910.0,165620.0,40550.8,13290.57127440352,15707.038778840524,23560.558168260788,13290.57127440352,117400.0462572311,1006.8614601820849,183248.78575313944,4356.0,5148.0,7722.0,4356.0,38478.0,330.0,60060.0,6084.0,9126.0,5148.0,45474.0,390.0,70980.0,13689.0,7722.0,68211.0,585.0,106470.0,4356.0,38478.0,330.0,60060.0,339889.0,2915.0,530530.0,25.0,4550.0,828100.0
0.038908958435058594,128.505110419373,23387.93009632589,182.0,201.37229203641698,66.0,78.0,117.0,66.0,583.0,5.0,910.0,0.0015139070465011173,4.999999999999999,910.0,7.081430435180664,7.835186140817429,2.567991256713867,3.0348987579345703,4.5523481369018555,2.567991256713867,22.68392276763916,0.19454479217529297,35.40715217590332,16513.56340389525,3005468.539508936,23387.930096325887,25877.368623541992,8481.337287678618,10023.398612711095,15035.097919066642,8481.337287678618,74918.47937449446,642.5255520968651,116939.65048162945,546995274.1906264,4256603.277531312,4709681.089484643,1543603.3863575088,1824258.5475134195,2736387.821270129,1543603.3863575088,13635163.246157994,116939.65048162945,21283016.38765656,33124.0,36649.75715062789,12012.0,14196.0,21294.0,12012.0,106106.0,910.0,165620.0,40550.8,13290.57127440352,15707.038778840524,23560.558168260788,13290.57127440352,117400.0462572311,1006.8614601820849,183248.78575313944,4356.0,5148.0,7722.0,4356.0,38478.0,330.0,60060.0,6084.0,9126.0,5148.0,45474.0,390.0,70980.0,13689.0,7722.0,68211.0,585.0,106470.0,4356.0,38478.0,330.0,60060.0,339889.0,2915.0,530530.0,25.0,4550.0,828100.0
0.563715934753418,111.75841610288632,145071.29381711016,1298.079365079365,496.97268621529025,1510.0,1514.0,1514.0,66.0,1514.0,63.0,81779.0,0.3177756550949198,63.0,81779.0,731.7480226698376,280.15142235676944,851.2110614776611,853.4659252166748,853.4659252166748,37.205251693725586,853.4659252166748,35.51410388946533,46100.12542819977,12489.943569825879,16212938.018996676,145071.29381711016,55540.88025781756,168755.20831535832,169202.24197976987,169202.24197976987,7376.055462790497,169202.24197976987,7040.780214481838,9139491.51047794,21045680289.7703,188314052.96935636,72096470.58101687,219057653.66383633,219637938.83910477,219637938.83910477,9574705.39192927,219637938.83910477,9139491.51047794,11863785337.069452,1685010.0380448475,645109.9889841304,1960099.8412698412,1965292.1587301588,1965292.1587301588,85673.23809523809,1965292.1587301588,81779.0,106155632.39682539,246981.85084404136,750428.7561850883,752416.6469299494,752416.6469299494,32800.19729020916,752416.6469299494,31309.279231563287,40641929.306000225,2280100.0,2286140.0,2286140.0,99660.0,2286140.0,95130.0,123486290.0,2292196.0,2292196.0,99924.0,2292196.0,95382.0,123813406.0,2292196.0,99924.0,2292196.0,95382.0,123813406.0,4356.0,99924.0,4158.0,5397414.0,2292196.0,95382.0,123813406.0,3969.0,5152077.0,6687804841.0
0.03696298599243164,162.32454816362863,25620.224518492716,157.83333333333334,124.27444986355357,68.0,74.0,266.0,66.0,337.0,6.0,947.0,0.0013662623334766977,6.0,946.9999999999999,5.833991289138794,4.593554749523679,2.5134830474853516,2.7352609634399414,9.832154273986816,2.4395570755004883,12.456526279449463,0.22177791595458984,35.003947734832764,26349.258936526192,4158791.36881505,25620.22451849272,20172.793922384855,11038.069275126747,12012.016564108519,43178.32981152522,10713.42017879949,54703.37273114285,973.9472889817719,153721.34711095633,656395904.3779753,4043725.4365021004,3183939.307416409,1742175.2672575046,1895896.614368461,6814979.721919063,1690934.8182205192,8634015.662732046,153721.3471109563,24262352.6190126,24911.361111111113,19614.65067013087,10732.666666666668,11679.666666666668,41983.66666666667,10417.0,53189.833333333336,947.0,149468.1666666667,15444.13888888889,8450.662590721642,9196.309289902963,33057.00366370525,8202.113690994536,41880.48960401755,745.6466991813214,117687.90402078524,4624.0,5032.0,18088.0,4488.0,22916.0,408.0,64396.0,5476.0,19684.0,4884.0,24938.0,444.0,70078.0,70756.0,17556.0,89642.0,1596.0,251902.0,4356.0,22242.0,396.0,62502.0,113569.0,2022.0,319139.0,36.0,5682.0,896809.0
0.06116294860839844,130.79814139146163,105979.19406243178,810.25,534.9197953899258,200.25,1091.0,1292.0,67.0,1292.0,8.0,6482.0,0.0037409062824735884,8.0,6482.0,49.557279109954834,32.717271955049036,12.247880458831787,66.7287769317627,79.02252960205078,4.097917556762695,79.02252960205078,0.4893035888671875,396.4582328796387,17108.153791460787,13861881.609531103,105979.19406243178,69966.51503050323,26192.32781364019,142700.77225808465,168991.19867776844,8763.475473227929,168991.19867776844,1046.385131131693,847833.5524994542,11231589574.122576,85869641.98908535,56690368.80346524,21222333.611001965,115623300.72211307,136925118.72866186,7100606.002182929,136925118.72866186,847833.5524994542,686957135.9126828,656505.0625,433418.76421468734,162252.5625,883982.75,1046843.0,54286.75,1046843.0,6482.0,5252040.5,286139.18750000006,107117.68902683264,583597.496770409,691116.3756437841,35839.62629112502,691116.3756437841,4279.358363119406,3467350.1137174987,40100.0625,218472.75,258723.0,13416.75,258723.0,1602.0,1298020.5,1190281.0,1409572.0,73097.0,1409572.0,8728.0,7071862.0,1669264.0,86564.0,1669264.0,10336.0,8374744.0,4489.0,86564.0,536.0,434294.0,1669264.0,10336.0,8374744.0,64.0,51856.0,42016324.0
0.042749881744384766,116.95938786209051,20421.109120721,174.6,129.7930660705725,66.0,74.0,330.0,66.0,337.0,5.0,873.0,0.0018275523891588819,5.0,873.0,7.4641293525695795,5.5486382257580935,2.8214921951293945,3.1634912490844727,14.107460975646973,2.8214921951293945,14.406710147857666,0.21374940872192383,37.3206467628479,13679.498409074924,2388440.4222244816,20421.109120721,15180.517556358029,7719.319598897973,8654.994701794698,38596.597994489865,7719.319598897973,39415.313709524504,584.7969393104526,102105.54560360502,417021697.72039443,3565525.6524778865,2650518.365340112,1347793.201967586,1511162.074933354,6738966.00983793,1347793.201967586,6881913.773682977,102105.545603605,17827628.262389433,30485.159999999996,22661.869335921958,11523.6,12920.4,57618.0,11523.6,58840.2,873.0,152425.8,16846.24,8566.342360657785,9604.686889222365,42831.71180328893,8566.342360657785,43740.26326578294,648.9653303528626,113309.3466796098,4356.0,4884.0,21780.0,4356.0,22242.0,330.0,57618.0,5476.0,24420.0,4884.0,24938.0,370.0,64602.0,108900.0,21780.0,111210.0,1650.0,288090.0,4356.0,22242.0,330.0,57618.0,113569.0,1685.0,294201.0,25.0,4365.0,762129.0
0.04221010208129883,94.76404468996057,9902.84267010088,104.5,62.151025735702866,66.0,70.0,108.5,66.0,212.0,4.0,418.0,0.0017816927177136677,4.0,417.99999999999994,4.4109556674957275,2.6234011407614486,2.7858667373657227,2.954707145690918,4.579796075820923,2.7858667373657227,8.948541641235352,0.1688404083251953,17.64382266998291,8980.224166000844,938433.4253470881,9902.84267010088,5889.682580345036,6254.426949537397,6633.48312829724,10281.898848860721,6254.426949537397,20089.97747427164,379.0561787598423,39611.37068040352,98066292.94877072,1034847.0590255419,615471.8296460563,653587.616226658,693198.9869070615,1074458.4297059453,653587.616226658,2099402.6460613864,39611.37068040352,4139388.2361021675,10920.25,6494.78218938095,6897.0,7315.0,11338.25,6897.0,22154.0,418.0,43681.0,3862.75,4101.967698556389,4350.571801499201,6743.386292323761,4101.967698556389,13176.017455969008,248.60410294281147,25979.1287575238,4356.0,4620.0,7161.0,4356.0,13992.0,264.0,27588.0,4900.0,7595.0,4620.0,14840.0,280.0,29260.0,11772.25,7161.0,23002.0,434.0,45353.0,4356.0,13992.0,264.0,27588.0,44944.0,848.0,88616.0,16.0,1672.0,174724.0
0.04228711128234863,94.59146956840414,9884.808569898232,104.5,62.151025735702866,66.0,70.0,108.5,66.0,212.0,4.0,418.0,0.001788199780605737,4.0,418.0,4.419003129005432,2.628187341597781,2.7909493446350098,2.9600977897644043,4.588151574134827,2.7909493446350098,8.96486759185791,0.16914844512939453,17.67601251602173,8947.546115110326,935018.569029029,9884.808569898232,5878.95685952384,6243.036991514673,6621.4028697882895,10263.174448171849,6243.036991514673,20053.391548501677,378.36587827361654,39539.23427959293,97709440.46353354,1032962.4955543652,614350.9918202413,652397.3656132834,691936.5998928762,1072501.7298339582,652397.3656132834,2095579.4168184253,39539.23427959293,4131849.982217461,10920.25,6494.78218938095,6897.0,7315.0,11338.25,6897.0,22154.0,418.0,43681.0,3862.75,4101.967698556389,4350.571801499201,6743.386292323761,4101.967698556389,13176.017455969008,248.60410294281147,25979.1287575238,4356.0,4620.0,7161.0,4356.0,13992.0,264.0,27588.0,4900.0,7595.0,4620.0,14840.0,280.0,29260.0,11772.25,7161.0,23002.0,434.0,45353.0,4356.0,13992.0,264.0,27588.0,44944.0,848.0,88616.0,16.0,1672.0,174724.0
0.042086124420166016,95.04320141398806,9932.014547761752,104.5,62.151025735702866,66.0,70.0,108.5,66.0,212.0,4.0,418.0,0.0017712418687096942,4.0,418.0,4.398000001907349,2.615695801953731,2.777684211730957,2.946028709411621,4.566344499588013,2.777684211730957,8.922258377075195,0.16834449768066406,17.592000007629395,9033.210135019901,943970.4591095797,9932.014547761752,5907.032457084363,6272.851293323211,6653.024098979164,10312.187353417705,6272.851293323211,20149.158699765467,380.17280565595223,39728.05819104701,98644912.97695108,1037895.520241103,617284.8917653159,655512.9601522756,695241.0183433226,1077623.57843215,655512.9601522756,2105587.0841254913,39728.05819104701,4151582.080964412,10920.25,6494.78218938095,6897.0,7315.0,11338.25,6897.0,22154.0,418.0,43681.0,3862.75,4101.967698556389,4350.571801499201,6743.386292323761,4101.967698556389,13176.017455969008,248.60410294281147,25979.1287575238,4356.0,4620.0,7161.0,4356.0,13992.0,264.0,27588.0,4900.0,7595.0,4620.0,14840.0,280.0,29260.0,11772.25,7161.0,23002.0,434.0,45353.0,4356.0,13992.0,264.0,27588.0,44944.0,848.0,88616.0,16.0,1672.0,174724.0
0.0419919490814209,95.25635478944172,9954.28907549666,104.5,62.151025735702866,66.0,70.0,108.5,66.0,212.0,4.0,418.0,0.0017633237876566454,4.0,418.0,4.388158679008484,2.6098427080517146,2.7714686393737793,2.939436435699463,4.5561264753341675,2.7714686393737793,8.90229320526123,0.1679677963256836,17.552634716033936,9073.773127771996,948209.2918521735,9954.28907549666,5920.280158007835,6286.919416103153,6667.94483526092,10335.314494654425,6286.919416103153,20194.347215361642,381.02541915776686,39817.15630198664,99087870.99855213,1040223.2083894009,618669.2765118188,656983.0789827795,696800.2352847662,1080040.3646913876,656983.0789827795,2110309.2840052918,39817.15630198664,4160892.8335576034,10920.25,6494.78218938095,6897.0,7315.0,11338.25,6897.0,22154.0,418.0,43681.0,3862.75,4101.967698556389,4350.571801499201,6743.386292323761,4101.967698556389,13176.017455969008,248.60410294281147,25979.1287575238,4356.0,4620.0,7161.0,4356.0,13992.0,264.0,27588.0,4900.0,7595.0,4620.0,14840.0,280.0,29260.0,11772.25,7161.0,23002.0,434.0,45353.0,4356.0,13992.0,264.0,27588.0,44944.0,848.0,88616.0,16.0,1672.0,174724.0
0.29936695098876953,143.6364296659223,27491.344561640475,191.3953488372093,259.5782930272191,66.0,66.0,66.0,66.0,808.0,43.0,8230.0,0.08962057134431234,43.0,8230.0,57.29744201482728,77.70916212642796,19.75821876525879,19.75821876525879,19.75821876525879,19.75821876525879,241.88849639892578,12.87277889251709,2463.7900066375732,20631.42392717344,3948758.5795497075,27491.344561640475,37284.899229204326,9480.004357950871,9480.004357950871,9480.004357950871,9480.004357950871,116058.2351700652,6176.366475634659,1182127.8161505405,755774025.8068393,5261715.482379096,7136156.294333758,1814428.7410682715,1814428.7410682715,1814428.7410682715,1814428.7410682715,22213006.405805502,1182127.8161505405,226253765.7423011,36632.17955651703,49682.07794451193,12632.093023255813,12632.093023255813,12632.093023255813,12632.093023255813,154647.4418604651,8230.0,1575183.7209302324,67380.89021092483,17132.167339796462,17132.167339796462,17132.167339796462,17132.167339796462,209739.26076599304,11161.866600170422,2136329.3516140133,4356.0,4356.0,4356.0,4356.0,53328.0,2838.0,543180.0,4356.0,4356.0,4356.0,53328.0,2838.0,543180.0,4356.0,4356.0,53328.0,2838.0,543180.0,4356.0,53328.0,2838.0,543180.0,652864.0,34744.0,6649840.0,1849.0,353890.0,67732900.0
0.267301082611084,437.7086649148814,585261.378187598,1337.1025641025642,396.6451057405792,1494.0,1494.0,1494.0,66.0,1494.0,117.0,156441.0,0.07144986876505754,117.0,156441.0,357.40896294667175,106.0236661768447,399.3478174209595,399.3478174209595,399.3478174209595,17.641871452331543,399.3478174209595,31.274226665496826,41816.84866476059,191588.87534156794,256173976.472737,585261.378187598,173614.99967873088,653936.7453828328,653936.7453828328,653936.7453828328,28888.77188438217,653936.7453828328,51211.913795041124,68475581.24794896,342530880798.0466,782554489.4448378,232141061.2370969,874380499.0122714,874380499.0122714,874380499.0122714,38627250.96038146,874380499.0122714,68475581.24794896,91558875265.046,1787843.2669296518,530355.1879244612,1997631.230769231,1997631.230769231,1997631.230769231,88248.76923076923,1997631.230769231,156441.0,209177662.23076925,157327.33990795526,592587.7879764254,592587.7879764254,592587.7879764254,26178.576978878227,592587.7879764254,46407.477371647765,62051556.98716195,2232036.0,2232036.0,2232036.0,98604.0,2232036.0,174798.0,233722854.0,2232036.0,2232036.0,98604.0,2232036.0,174798.0,233722854.0,2232036.0,98604.0,2232036.0,174798.0,233722854.0,4356.0,98604.0,7722.0,10325106.0,2232036.0,174798.0,233722854.0,13689.0,18303597.0,24473786481.0
0.23200416564941406,176.7209648380016,22853.037940758157,129.3170731707317,187.77898776245496,66.0,66.0,66.0,66.0,762.0,41.0,5302.0,0.05382593287868076,41.0,5302.0,30.002099665199836,43.56550738231989,15.312274932861328,15.312274932861328,15.312274932861328,15.312274932861328,176.78717422485352,9.512170791625977,1230.0860862731934,31230.2994132742,4038610.914370239,22853.037940758157,33184.48389368434,11663.583679308105,11663.583679308105,11663.583679308105,11663.583679308105,134661.37520655722,7245.559558358066,936974.5555710845,522261343.1217318,2955287.9795585303,4291320.331812545,1508300.5040900384,1508300.5040900384,1508300.5040900384,1508300.5040900384,17414014.910857715,936974.5555710844,121166807.16189975,16722.905413444376,24283.02910040332,8534.926829268292,8534.926829268292,8534.926829268292,8534.926829268292,98539.60975609756,5302.0,685639.1219512195,35260.94824509221,12393.413192322027,12393.413192322027,12393.413192322027,12393.413192322027,143087.5886749907,7698.938498260653,995604.1931165362,4356.0,4356.0,4356.0,4356.0,50292.0,2706.0,349932.0,4356.0,4356.0,4356.0,50292.0,2706.0,349932.0,4356.0,4356.0,50292.0,2706.0,349932.0,4356.0,50292.0,2706.0,349932.0,580644.0,31242.0,4040124.0,1681.0,217382.0,28111204.0
0.05704307556152344,298.02039656267766,41337.18206439964,138.7058823529412,190.77142612095096,66.0,66.0,66.0,60.0,727.0,17.0,2358.0,0.0032539124695176724,17.0,2358.0,7.912210127886604,10.882188875196992,3.764842987060547,3.764842987060547,3.764842987060547,3.4225845336914062,41.47031593322754,0.9697322845458984,134.50757217407227,88816.15676737565,12319323.391615987,41337.18206439965,56853.77606539337,19669.346173136724,19669.346173136724,19669.346173136724,17881.22379376066,216660.82830106665,5066.3467415655205,702732.095094794,1708762621.0253232,5733710.312226727,7885953.174246915,2728254.016250376,2728254.016250376,2728254.016250376,2480230.9238639786,30052131.36081854,702732.0950947938,97473075.30785435,19239.321799307963,26461.118987835434,9154.588235294119,9154.588235294119,9154.588235294119,8322.352941176472,100839.17647058824,2358.0,327068.4705882353,36393.73702422145,12590.914123982764,12590.914123982764,12590.914123982764,11446.285567257059,138690.82678993134,3243.114244056166,449839.02279320237,4356.0,4356.0,4356.0,3960.0,47982.0,1122.0,155628.0,4356.0,4356.0,3960.0,47982.0,1122.0,155628.0,4356.0,3960.0,47982.0,1122.0,155628.0,3600.0,43620.0,1020.0,141480.0,528529.0,12359.0,1714266.0,289.0,40086.0,5560164.0
0.04827618598937988,849.2800158036398,1064251.4305355952,1253.121951219512,516.839324710228,1494.0,1494.0,1494.0,66.0,1494.0,41.0,51378.0,0.0023305901336811985,41.0,51378.0,60.49594838444779,24.95103136633647,72.12462186813354,72.12462186813354,72.12462186813354,3.1862282752990723,72.12462186813354,1.9793236255645752,2480.3338837623596,721276.5452434306,903847471.7443166,1064251.4305355952,438941.30985784496,1268824.3436106378,1268824.3436106378,1268824.3436106378,56052.48104304023,1268824.3436106378,34820.48064794923,43634308.651959404,1132631107397.0608,1333636829.220922,550046990.6799111,1589991637.220179,1589991637.220179,1589991637.220179,70240594.41534927,1589991637.220179,43634308.651959404,54679109998.05781,1570314.6246281972,647662.7030478559,1872164.1951219512,1872164.1951219512,1872164.1951219512,82706.04878048779,1872164.1951219512,51377.99999999999,64382899.60975609,267122.88756692444,772157.9511170806,772157.9511170806,772157.9511170806,34111.39543087505,772157.9511170806,21190.41231311935,26554170.824962094,2232036.0,2232036.0,2232036.0,98604.0,2232036.0,61254.0,76758732.0,2232036.0,2232036.0,98604.0,2232036.0,61254.0,76758732.0,2232036.0,98604.0,2232036.0,61254.0,76758732.0,4356.0,98604.0,2706.0,3390948.0,2232036.0,61254.0,76758732.0,1681.0,2106498.0,2639698884.0
0.2145681381225586,591.8865732407074,817330.1103066345,1380.8897637795276,361.6262748351194,1494.0,1494.0,1494.0,66.0,1494.0,127.0,175373.0,0.04603948589738138,127.0,175373.0,296.294945566673,77.59347648756822,320.56479835510254,320.56479835510254,320.56479835510254,14.161497116088867,320.56479835510254,27.25015354156494,37629.45808696747,350329.71558262734,483766718.1958433,817330.1103066346,214041.73660596108,884278.5404216169,884278.5404216169,884278.5404216169,39064.51383388669,884278.5404216169,75169.59480156984,103800924.00894259,668028509213.8552,1128642782.9512236,295568043.1007654,1221091184.798112,1221091184.798112,1221091184.798112,53943787.280237876,1221091184.798112,103800924.00894257,143337633434.8054,1906856.5397110796,499366.0212335385,2063049.3070866142,2063049.3070866142,2063049.3070866142,91138.72440944883,2063049.3070866142,175373.0,242170780.5433071,130773.56265112529,540269.6546036684,540269.6546036684,540269.6546036684,23867.33413911788,540269.6546036684,45926.53690406016,63419484.69665939,2232036.0,2232036.0,2232036.0,98604.0,2232036.0,189738.0,262007262.0,2232036.0,2232036.0,98604.0,2232036.0,189738.0,262007262.0,2232036.0,98604.0,2232036.0,189738.0,262007262.0,4356.0,98604.0,8382.0,11574618.0,2232036.0,189738.0,262007262.0,16129.0,22272371.0,30755689129.0
0.15330195426940918,58.70766646707984,8890.949932736647,151.44444444444446,161.09011357422906,66.0,66.0,192.0,60.0,583.0,9.0,1363.0,0.023501489182820023,9.0,1363.0,23.216729296578304,24.695429224410397,10.117928981781006,10.117928981781006,29.433975219726562,9.19811725616455,89.37503933906555,1.3797175884246826,208.9505636692047,3446.5901020098904,521966.92322660895,8890.949932736648,9457.22465885985,3874.7059868272695,3874.7059868272695,11271.87196167933,3522.45998802479,34226.56955030755,528.3689982037185,80018.54939462982,79048990.70642978,1346484.9731466724,1432244.1344473306,586802.6955606187,586802.6955606187,1707062.3870854361,533456.9959641988,5183423.810785465,80018.54939462982,12118364.758320048,22935.419753086422,24396.202755741582,9995.333333333334,9995.333333333334,29077.333333333336,9086.666666666668,88292.11111111112,1363.0,206418.77777777778,25950.02469135802,10631.947495899118,10631.947495899118,30929.30180625198,9665.406814453743,93915.53621377554,1449.8110221680615,219565.82480167423,4356.0,4356.0,12672.0,3960.0,38478.0,594.0,89958.0,4356.0,12672.0,3960.0,38478.0,594.0,89958.0,36864.0,11520.0,111936.0,1728.0,261696.0,3600.0,34980.0,540.0,81780.0,339889.0,5247.0,794629.0,81.0,12267.0,1857769.0
0.14307403564453125,111.83021383245348,20150.40665493521,180.1875,155.49285303109593,66.0,91.0,238.5,66.0,583.0,16.0,2883.0,0.0204701796756126,16.0,2883.0,25.780152797698975,22.246989997040878,9.442886352539062,13.019737243652344,34.1231575012207,9.442886352539062,83.41216278076172,2.2891845703125,412.4824447631836,12505.99672581227,2253424.2850322984,20150.40665493521,17388.79900388572,7380.79411294193,10176.549458753267,26671.505999040157,7380.79411294193,65197.01466432038,1789.2834213192557,322406.50647896336,406038888.3592572,3630851.399136138,3133244.220512658,1329926.8392257239,1833687.005599104,4805871.987202047,1329926.8392257239,11747687.079827227,322406.50647896336,58093622.38617821,32467.53515625,28017.8684555406,11892.375,16397.0625,42974.71875,11892.375,105049.3125,2883.0,519480.5625,24178.02734375,10262.528300052332,14149.84962582973,37085.04544791638,10262.528300052332,90652.33331712893,2487.885648497535,448285.8952886496,4356.0,6006.0,15741.0,4356.0,38478.0,1056.0,190278.0,8281.0,21703.5,6006.0,53053.0,1456.0,262353.0,56882.25,15741.0,139045.5,3816.0,687595.5,4356.0,38478.0,1056.0,190278.0,339889.0,9328.0,1680789.0,256.0,46128.0,8311689.0
0.16291499137878418,79.79621697167485,28849.401520528598,361.53846153846155,502.6942204660213,66.0,135.0,324.0,66.0,1514.0,13.0,4700.0,0.026541294415949324,13.0,4700.0,58.90003534463736,81.8964245933865,10.752389430999756,21.993523836135864,52.784457206726074,10.752389430999756,246.65329694747925,2.1178948879241943,765.7004594802856,6367.43624299061,2302073.1032350664,28849.4015205286,40113.09708671359,5266.55032013054,10772.489291176105,25853.974298822654,5266.55032013054,120811.47249511573,1037.350820631773,375042.2197668718,832287968.0926777,10430168.242037263,14502427.408273373,1904060.5003548875,3894669.2052713605,9347206.092651267,1904060.5003548875,43677993.9020803,375042.21976687177,135592187.1464844,130710.05917159763,181743.29509156157,23861.53846153846,48807.69230769231,117138.46153846155,23861.53846153846,547369.2307692308,4700.0,1699230.7692307692,252701.47928994082,33177.81855075741,67863.71976291288,162872.9274309909,33177.81855075741,761079.0497855563,6535.0248660582765,2362662.8361903,4356.0,8910.0,21384.0,4356.0,99924.0,858.0,310200.0,18225.0,43740.0,8910.0,204390.0,1755.0,634500.0,104976.0,21384.0,490536.0,4212.0,1522800.0,4356.0,99924.0,858.0,310200.0,2292196.0,19682.0,7115800.0,169.0,61100.0,22090000.0
0.11520004272460938,86.80552336170072,36545.125335276,421.0,559.6936662139389,68.0,78.0,403.5,66.0,1514.0,10.0,4210.0,0.013271049843751825,10.0,4210.0,48.49921798706055,64.47673426053902,7.8336029052734375,8.985603332519531,46.48321723937988,7.603202819824219,174.4128646850586,1.1520004272460938,484.99217987060547,7535.198886098769,3172318.731047582,36545.125335276,48584.50161792999,5902.775588595649,6770.830822212656,35026.02867644624,5729.164541872247,131423.5623696149,868.0552336170072,365451.25335276005,1335546185.771032,15385497.766151197,20454075.18114853,2485068.5227987682,2850519.776151528,14745958.072783867,2411978.272128216,55329319.75760787,365451.25335276005,153854977.661512,177241.0,235631.03347606826,28628.0,32838.0,169873.5,27786.0,637394.0,4210.0,1772410.0,313257.0,38059.169302547845,43656.10596468723,225836.39431732433,36939.78197011996,847376.2106479034,5596.936662139388,2356310.3347606827,4624.0,5304.0,27438.0,4488.0,102952.0,680.0,286280.0,6084.0,31473.0,5148.0,118092.0,780.0,328380.0,162812.25,26631.0,610899.0,4035.0,1698735.0,4356.0,99924.0,660.0,277860.0,2292196.0,15140.0,6373940.0,100.0,42100.0,17724100.0
0.05373096466064453,111.66745354182567,18406.518592144264,164.83333333333334,188.37941914008428,66.0,72.0,117.0,66.0,583.0,6.0,989.0,0.0028870165633634315,6.0,989.0,8.856654008229574,10.121807912608613,3.546243667602539,3.8686294555664062,6.28652286529541,3.546243667602539,31.32515239715576,0.3223857879638672,53.13992404937744,12469.620180515793,2055409.05975502,18406.518592144264,21035.850035061467,7370.051933760494,8040.056655011448,13065.092064393602,7370.051933760494,65102.125414884365,670.0047212509539,110439.11155286558,338799926.68295246,3034007.814605113,3467409.2807792984,1214830.2270815214,1325269.3386343871,2153562.675280879,1214830.2270815214,10731000.339220107,110439.1115528656,18204046.88763068,27170.02777777778,31051.207588257228,10879.0,11868.0,19285.5,10879.0,96097.83333333334,989.0,163020.1666666667,35486.805555555555,12433.041663245562,13563.318178086069,22040.392039389862,12433.041663245562,109825.20135866913,1130.2765148405056,186307.24552954335,4356.0,4752.0,7722.0,4356.0,38478.0,396.0,65274.0,5184.0,8424.0,4752.0,41976.0,432.0,71208.0,13689.0,7722.0,68211.0,702.0,115713.0,4356.0,38478.0,396.0,65274.0,339889.0,3498.0,576587.0,36.0,5934.0,978121.0
0.05373215675354004,334.9949283175592,45298.75864027439,135.22222222222223,184.3437476128513,66.0,66.0,66.0,66.0,719.0,18.0,2434.0,0.0028871446693869984,18.0,2434.0,7.26578164100647,9.905187143268748,3.5463223457336426,3.5463223457336426,3.5463223457336426,3.5463223457336426,38.63342070579529,0.9671788215637207,130.78406953811646,112221.60199848661,15174854.403573135,45298.75864027439,61754.220517357346,22109.665268958906,22109.665268958906,22109.665268958906,22109.665268958906,240861.35346032504,6029.9087097160655,815377.6555249391,2051977534.3498337,6125398.807245993,8350542.929958209,2989718.07025811,2989718.07025811,2989718.07025811,2989718.07025811,32569807.462357286,815377.6555249391,110257178.53042787,18285.04938271605,24927.371204982228,8924.666666666668,8924.666666666668,8924.666666666668,8924.666666666668,97224.77777777778,2434.0,329130.8888888889,33982.61728395062,12166.687342448186,12166.687342448186,12166.687342448186,12166.687342448186,132543.15453364007,3318.1874570313234,448692.6816896801,4356.0,4356.0,4356.0,4356.0,47454.0,1188.0,160644.0,4356.0,4356.0,4356.0,47454.0,1188.0,160644.0,4356.0,4356.0,47454.0,1188.0,160644.0,4356.0,47454.0,1188.0,160644.0,516961.0,12942.0,1750046.0,324.0,43812.0,5924356.0
0.04021000862121582,895.2994847408585,1085500.8863880276,1212.4444444444443,544.6554183071697,1494.0,1494.0,1494.0,66.0,1494.0,36.0,43648.0,0.0016168447933182506,36.0,43648.0,48.75240156385633,21.900599065723203,60.073752880096436,60.073752880096436,60.073752880096436,2.653860569000244,60.073752880096436,1.4475603103637695,1755.0864562988281,801561.1673772467,971848384.2689463,1085500.8863880273,487629.7153717258,1337577.4302028425,1337577.4302028425,1337577.4302028425,59089.76599289666,1337577.4302028425,32230.781450670904,39078031.90996899,1178312174349.1936,1316109519.140684,591223939.3484746,1621738324.2637131,1621738324.2637131,1621738324.2637131,71643058.50160982,1621738324.2637131,39078031.909968995,47379942689.06463,1470021.5308641973,660364.4360630928,1811391.9999999998,1811391.9999999998,1811391.9999999998,80021.33333333333,1811391.9999999998,43648.0,52920775.111111104,296649.52469135803,813715.1949509116,813715.1949509116,813715.1949509116,35947.257608273205,813715.1949509116,19607.59505905811,23773119.698271345,2232036.0,2232036.0,2232036.0,98604.0,2232036.0,53784.0,65210112.0,2232036.0,2232036.0,98604.0,2232036.0,53784.0,65210112.0,2232036.0,98604.0,2232036.0,53784.0,65210112.0,4356.0,98604.0,2376.0,2880768.0,2232036.0,53784.0,65210112.0,1296.0,1571328.0,1905147904.0
0.040181875228881836,124.43421247812027,17644.771329397456,141.8,93.03418726468244,66.0,74.0,212.0,66.0,291.0,5.0,709.0,0.0016145830969094277,5.0,709.0,5.697789907455445,3.7382881046898975,2.652003765106201,2.973458766937256,8.51855754852295,2.652003765106201,11.692925691604614,0.20090937614440918,28.48894953727722,15483.873235049983,2195613.224730088,17644.771329397456,11576.635825822726,8212.658023555938,9208.1317233809,26380.0530453615,8212.658023555938,36210.355831133,622.1710623906014,88223.85664698727,311337955.26672643,2502028.5745085594,1641566.9601016627,1164554.907740232,1305713.0783754117,3740691.521832261,1164554.907740232,5134628.45685466,88223.85664698727,12510142.872542797,20107.24,13192.247754131971,9358.800000000001,10493.2,30061.600000000002,9358.800000000001,41263.8,709.0,100536.20000000001,8655.36,6140.256359469041,6884.529857586501,19723.24770011268,6140.256359469041,27072.948494022592,465.1709363234122,65961.23877065985,4356.0,4884.0,13992.0,4356.0,19206.0,330.0,46794.0,5476.0,15688.0,4884.0,21534.0,370.0,52466.0,44944.0,13992.0,61692.0,1060.0,150308.0,4356.0,19206.0,330.0,46794.0,84681.0,1455.0,206319.0,25.0,3545.0,502681.0
0.14594483375549316,54.815232537814246,33053.58522030199,603.0,612.4250974609058,76.5,212.5,1389.0,75.0,1392.0,8.0,4824.0,0.021299894499918537,8.0,4824.0,88.00473475456238,89.3802790366236,11.164779782295227,31.013277173042297,202.71737408638,10.945862531661987,203.15520858764648,1.1675586700439453,704.037878036499,3004.70971817465,1811839.9600593138,33053.58522030199,33570.22412931311,4193.36528914279,11648.236914285528,76138.357995024,4111.142440336069,76302.80369263743,438.52186030251397,264428.6817624159,1092539495.915766,19931311.8878421,20242845.149975803,2528599.269353102,7023886.8593141725,45911429.87099946,2479018.891522649,46010590.62666037,264428.6817624159,159450495.1027368,363609.0,369292.3337689262,46129.5,128137.5,837567.0,45225.0,839376.0,4824.0,2908872.0,375064.5,46850.51995575929,130140.33321044249,850658.4603731981,45931.88230956794,852495.735665581,4899.4007796872465,2954338.6701514097,5852.25,16256.25,106258.5,5737.5,106488.0,612.0,369036.0,45156.25,295162.5,15937.5,295800.0,1700.0,1025100.0,1929321.0,104175.0,1933488.0,11112.0,6700536.0,5625.0,104400.0,600.0,361800.0,1937664.0,11136.0,6715008.0,64.0,38592.0,23270976.0
0.16002511978149414,43.74313238795341,15722.531584012968,359.42857142857144,452.0059598667942,68.0,134.0,393.5,67.0,1392.0,7.0,2516.0,0.025608038961081547,7.0,2516.0,57.51760019574847,72.33230786963298,10.881708145141602,21.443366050720215,62.969884634017944,10.721683025360107,222.75496673583984,1.120175838470459,402.62320137023926,1913.4616311100185,687752.780553258,15722.53158401297,19772.156542597135,2974.533002380832,5861.5797399857565,17212.922594659667,2930.7898699928783,60890.440284031145,306.20192671567384,110057.72108809078,247197999.41028532,5651127.066482375,7106677.98016777,1069132.147712882,2106819.232257738,6186816.178309103,1053409.616128869,21885763.96494605,110057.72108809078,39557889.46537663,129188.89795918368,162463.85643212203,24441.14285714286,48163.42857142857,141435.14285714287,24081.714285714286,500324.5714285715,2516.0,904322.2857142858,204309.38775510198,30736.405270942007,60568.798622150425,177864.34520758354,30284.399311075213,629192.2961345776,3164.04171906756,1137246.9950248543,4624.0,9112.0,26758.0,4556.0,94656.0,476.0,171088.0,17956.0,52729.0,8978.0,186528.0,938.0,337144.0,154842.25,26364.5,547752.0,2754.5,990046.0,4489.0,93264.0,469.0,168572.0,1937664.0,9744.0,3502272.0,49.0,17612.0,6330256.0
